https://studentcommnetedu7.ukit.me/,1,0,0,0,0,0,0,0,0,0,0,0,0,0,1
https://mail001.hubside.fr/,1,0,0,0,0,0,0,0,0,0,0,0,0,0,1
https://securepageconnected.weebly.com/,1,0,0,0,0,0,0,0,0,0,0,0,0,0,1
https://franklinpierceschooldistrictemailverification.ukit.me/,1,0,0,0,0,0,0,0,1,0,0,0,0,0,1
https://mail-ac-clermont.hubside.fr/,1,0,0,0,1,0,0,0,0,0,0,0,0,0,1
https://ajiq.weeblysite.com/,1,0,0,0,0,0,0,0,0,0,0,0,0,0,1
https://outlookoffice15046795.brizy.site/,1,0,0,0,0,0,0,0,1,0,0,0,0,0,1
https://veniyex527.wixsite.com/my-site,1,0,0,0,0,0,0,0,0,0,0,0,0,1,1
https://taprye974.wixsite.com/my-site,1,0,0,0,0,0,0,0,0,0,0,0,0,1,1
https://xn--nacionalinpataisostarnyba-qhd.weebly.com/,1,0,0,0,1,0,0,0,1,0,0,0,0,0,1
https://sharepoint-434904.webflow.io/,1,0,0,0,1,0,0,0,0,0,0,0,0,0,0
https://wedsafg.webflow.io/,1,0,0,0,0,0,0,0,0,0,0,0,0,0,0
https://onetpl-101421.weeblysite.com/,1,0,0,0,1,0,0,0,0,0,0,0,0,0,1
https://upadingtothenesrestnetwork.weebly.com/,1,0,0,0,0,0,0,0,1,0,0,0,0,0,1
https://varomoney.godaddysites.com/,1,0,0,0,0,0,0,0,0,0,0,0,0,0,0
https://foodservicerefrigeration.godaddysites.com/,1,0,0,0,0,0,0,0,1,0,0,0,0,0,0
https://bt-106004.weeblysite.com/,1,0,0,0,1,0,0,0,0,0,0,0,0,0,1
https://ac-paris-connexion.hubside.fr/,1,0,0,0,1,0,0,0,0,0,0,0,0,0,1
https://miseajourhainautpromsoc.hubside.fr/,1,0,0,0,0,0,0,0,1,0,0,0,0,0,1
https://appsuitetalkreq.weebly.com/,1,0,0,0,0,0,0,0,0,0,0,0,0,0,1
https://arts-wondrous-site-eaa9be.webflow.io/,1,0,0,0,1,0,0,0,1,0,0,0,0,0,0
https://liveeee.godaddysites.com/,1,0,0,0,0,0,0,0,0,0,0,0,0,0,0
https://infoclientfacturat.wixsite.com/my-site,1,0,0,0,0,0,0,0,0,0,0,0,0,1,1
https://row597.wixsite.com/my-site,1,0,0,0,0,0,0,0,0,0,0,0,0,1,1
https://attmailernumb.weebly.com/,1,0,0,0,0,0,0,0,0,0,0,0,0,0,1
https://pasts-stradini-lv.webflow.io/,1,0,0,0,1,0,0,0,0,0,0,0,0,0,0
https://wieksmdenfjs.weebly.com/,1,0,0,0,0,0,0,0,0,0,0,0,0,0,1
https://regentuniversity365.ukit.me/,1,0,0,0,0,0,0,0,0,0,0,0,0,0,1
https://adobe-doc83y48y3y2203667ywskf.webflow.io/,1,0,0,0,1,0,0,0,1,0,0,0,0,0,0
https://brygsn113.wixsite.com/access,1,0,0,0,0,0,0,0,0,0,0,0,0,1,1
https://sp330051.sitebeat.crazydomains.com/,0,0,0,0,0,0,0,0,1,0,0,0,1,0,0
https://magentamail.godaddysites.com/,1,0,0,0,0,0,0,0,0,0,0,0,0,0,0
https://logiin.hubside.fr/,1,0,0,0,0,0,0,0,0,0,0,0,0,0,1
https://microsoft-102696.weeblysite.com/,1,0,0,0,1,0,0,0,1,0,0,0,0,0,1
https://accountsloginidm.wixsite.com/my-site,1,0,0,0,0,0,0,0,0,0,0,0,0,1,1
https://xconex78.godaddysites.com/,1,0,0,0,0,0,0,0,0,0,0,0,0,0,0
http://mgbvspjgvr.duckdns.org,0,0,0,0,0,0,0,0,0,0,0,1,1,1,1
https://docs.google.com/presentation/d/e/2PACX-1vTZKe5JKFdx3WCyStCkQN23iXaUAY09uB-EbaZwxOvJ75RSo4-aD8hKjM57cNmJrSobzeD_RklpMR2E/pub?start=false&amp;loop=false&amp;delayms=3000,1,1,0,0,0,0,0,0,0,0,0,0,0,0,0
https://5036.iwqcvjf.asso.ci,0,0,0,0,0,0,0,0,0,0,0,0,1,1,1
https://cloudflare-ipfs.com/ipfs/bafybeicoqgez5lqc73att6qavkmuj5ejepvmdt6ziro5ngd3gejhztuajq/view1.html?mc_phishing_protection_id=28398-cok716bl351khrma316g,1,1,0,0,1,0,0,0,0,0,0,0,0,0,0
https://ib.loginaacountes.top/,1,0,0,0,0,0,0,0,0,0,0,0,0,1,1
https://cloudflare-ipfs.com/ipfs/bafkreibu27klqgwagydll46mr7sh5mndlvuub7gp3orjpmjlf3oclwrp5y,1,1,0,0,1,0,0,0,0,0,0,0,0,0,0
http://mgaxrmyttu.duckdns.org,0,0,0,0,0,0,0,0,0,0,0,1,1,1,1
http://mganicwrgl.duckdns.org,0,0,0,0,0,0,0,0,0,0,0,1,1,1,1
https://docs.google.com/presentation/d/e/2PACX-1vRuj9jRH7F11s18djmCM7h4jf62rJj6_yZW1vjqmvhSoCVwMtZPYfCKbKp3Nj7_Viqxc7E_HcdNv2me/pub?start=false&amp;loop=false&amp;delayms=3000,1,1,0,0,0,0,0,0,0,0,0,0,0,0,0
https://rb.gy/56z9wb?rb.routing.mode=proxy&rb.routing.signature=324696,1,0,0,0,0,0,0,0,0,0,0,0,0,1,1
https://estafetaock.top/address,1,0,0,0,0,0,0,0,0,0,0,0,0,1,1
https://docs.google.com/presentation/d/e/2PACX-1vSJe-DhNsNI72SPD8LM13BcGK-8zTUJA8m2l1_e38EsYGoZBNR0XzIMRrqhspPpEiRGuhUsEL8JQ8W0/pub?start=false&amp;loop=false&amp;delayms=3000,1,1,0,0,0,0,0,0,0,0,0,0,0,0,0
https://worker-black-moon-1f62.nuknajatre.workers.dev/px/QmS5Zy3tG2FpM2tuzteEnhd1WT17eEykr7Viw148T7PeUb#Info%40example.org,1,1,0,0,1,0,0,0,1,0,0,0,0,1,1
https://tinyurl.com/2ahnpojz,0,0,0,0,0,0,0,0,0,0,0,0,0,0,0
https://docs.google.com/presentation/d/e/2PACX-1vRKmx5gEKJBBWB6FZdMWZNxrftZBuLqdL5lywpnjlIKG9Uh0MTgxYhclN3lr6PyGynksEGTpGBZA4fJ/pub?start=false&amp;loop=false&amp;delayms=3000,1,1,0,0,0,0,0,0,0,0,0,0,0,0,0
https://docs.google.com/presentation/d/e/2PACX-1vTIVYqw5S4u93gVoQwGtVSmT_GFjY3XV3GGGzZ1UvupgAoCKWDJacMXTjaTrhvTMd0lbwPyleexwp5q/pub?start=false&amp;loop=false&amp;delayms=3000,1,1,0,0,0,0,0,0,0,0,0,0,0,0,0
http://webmailteraa204.doesntexist.org/,0,0,0,0,0,0,0,0,1,0,0,1,1,1,1
https://uic.maq.mybluehost.me/KDH/infospage.php,0,0,0,0,0,0,0,0,0,0,0,0,1,0,1
https://app-99677994-194d-4d88-a3a2-9780dbb3244e.cleverapps.io/ch/CHFINALE/,1,0,0,0,1,0,0,0,1,0,0,0,0,1,1
https://sbb05923ch.site,0,0,0,0,0,0,0,0,0,0,0,0,1,1,1
https://gmnj2.pages.dev/connection-module/,1,0,0,0,0,0,0,0,0,0,0,0,0,1,1
https://redeconnec.pages.dev/connection-module/,1,0,0,0,0,0,0,0,0,0,0,0,0,1,1
https://at-ts-radical-site-74c443.webflow.io/,1,0,0,0,1,0,0,0,1,0,0,0,0,0,0
https://user.personalcabinet.xyz/login,0,0,0,0,0,0,0,0,0,0,0,0,1,1,1
https://plaidrumble.com/s/hT4XJ,0,0,0,0,0,0,0,0,0,0,0,0,1,0,1
https://smacuservapss.jp.wdj14.com,0,0,0,0,0,0,0,0,0,0,0,0,0,0,1
https://servicec.icu/Service,0,0,0,0,0,0,0,0,0,0,0,0,1,1,1
https://gmsnyder50.wixsite.com/btsbandlogs,1,0,0,0,0,0,0,0,0,0,0,0,0,1,1
https://nlbpay.34-218-75-158.cprapid.com/dpdpos,0,0,0,0,1,0,0,0,1,0,0,0,1,0,0
https://cirlinq.nl/x.html,1,0,0,0,0,0,0,0,0,0,0,0,0,0,1
https://marvintracy3.wixstudio.io/atttt,1,0,0,0,0,0,0,0,0,0,0,0,0,0,0
http://webmail659856952.doesntexist.org,0,0,0,0,0,0,0,0,1,0,0,1,1,1,1
https://app.convertkit.com/editor/templates/2805139,1,0,0,0,0,0,0,0,0,0,0,0,0,0,1
http://webmail568866.is-not-certified.com,0,0,0,0,1,0,0,0,1,0,0,1,1,1,1
http://webmail98659895.doesntexist.org,0,0,0,0,0,0,0,0,1,0,0,1,1,1,1
https://app.enhancv.com/share/1ef33166/?utm_medium=growth&utm_campaign=share-resume&utm_source=dynamic,1,1,0,0,0,0,0,0,0,0,0,0,0,0,0
https://accvryfynow.github.io/busines/,1,0,0,0,0,0,0,0,0,0,0,0,0,1,1
https://rcvry-renewaals.com/adsmaneger-setting/homes.html,0,0,0,0,1,0,0,0,0,0,0,0,1,1,1
https://rcvry-renewaals.com/update,0,0,0,0,1,0,0,0,0,0,0,0,1,1,1
https://ee.coiuk.icu/,0,0,0,0,0,0,0,0,0,0,0,0,1,1,1
https://streaklinks.com/B8M-NcceHny3ELy36AR97zUK/https:/www.dropbox.com/scl/fi/8pmjdjp0246tkvlmedl00/Securely-sign-in-with-your-email-address-to-keep-you-updated..paper?rlkey=q9fm3c72kbzh3azslo2avq5b1&dl=0,1,1,0,0,0,0,0,0,0,0,0,0,0,0,0
https://www.dropbox.com/c/scl/fi/8pmjdjp0246tkvlmedl00/Securely-sign-in-with-your-email-address-to-keep-you-updated..paper?dl=0&rlkey=q9fm3c72kbzh3azslo2avq5b1,1,1,0,0,0,0,0,0,0,0,0,0,0,0,0
https://www.dropbox.com/scl/fi/8pmjdjp0246tkvlmedl00/Securely-sign-in-with-your-email-address-to-keep-you-updated..paper?dl=0&rlkey=q9fm3c72kbzh3azslo2avq5b1,1,1,0,0,0,0,0,0,0,0,0,0,0,0,0
https://mainlymail2b0x.wixsite.com/my-site,1,0,0,0,0,0,0,0,0,0,0,0,0,1,1
https://linki.ee/btinternet,1,0,0,0,0,0,0,0,0,0,0,0,0,0,1
https://www.dropbox.com/c/scl/fi/0bmxur6f5aaxmr7k9cwmb/Securely-sign-in-with-your-email-address-to-keep-you-updated.paper?rlkey=wa42obxz6c441c0lwmxr3js8s&dl=0,1,1,0,0,0,0,0,0,0,0,0,0,0,0,0
https://www.dropbox.com/scl/fi/0bmxur6f5aaxmr7k9cwmb/Securely-sign-in-with-your-email-address-to-keep-you-updated.paper?rlkey=wa42obxz6c441c0lwmxr3js8s&dl=0,1,1,0,0,0,0,0,0,0,0,0,0,0,0,0
https://attmailservice-109584.square.site/,1,0,0,0,1,0,0,0,1,0,0,0,0,0,1
https://1firstbannkes.pages.dev/,1,0,0,0,0,0,0,0,0,0,0,0,0,1,1
https://bafybeicjyxevxwj4fp2ryi5t76bwadkcdcf5kuzgigp5zrsn3hgfqzq55y.ipfs.dweb.link/,0,1,0,0,0,0,0,0,1,0,0,0,1,0,1
https://kwur28873.weebly.com/,1,0,0,0,0,0,0,0,0,0,0,0,0,0,1
https://pub-9880fe7fbe1b436dbaeb3e64d840c593.r2.dev/juhmindex.html,1,0,0,0,1,0,0,0,1,0,0,0,0,0,0
https://netflix-92hj6ktqu-akash9284667895.vercel.app/,1,0,0,0,1,0,0,0,1,0,0,0,0,1,1
https://currently-4-25-24.weeblysite.com/,1,0,0,0,1,0,0,0,1,0,0,0,0,0,1
https://dreamy-bhaskara-d11b6c.netlify.app/,1,0,0,0,1,0,0,0,1,0,0,0,0,1,1
https://updatingoif.weebly.com/,1,0,0,0,0,0,0,0,0,0,0,0,0,0,1
https://vit.masayoschinuki.workers.dev/,1,0,0,0,0,0,0,0,0,0,0,0,0,1,1
https://tuhanhelpsaya.000webhostapp.com/masuk1.php,0,0,0,0,0,0,0,0,1,0,0,0,1,0,0
https://employsistems.github.io/busines/,1,0,0,0,0,0,0,0,0,0,0,0,0,1,1
https://cenabiseiprologim.mystrikingly.com/,1,0,0,0,0,0,0,0,1,0,0,0,0,0,0
https://bafybeihey2utyy6miaxugtfuchclaxtgpmihecjltdgtnwggxvfukaalke.ipfs.dweb.link/,0,1,0,0,0,0,0,0,1,0,0,0,1,0,1
https://bill-notice-bt.weeblysite.com/,1,0,0,0,1,0,0,0,0,0,0,0,0,0,1
https://bafybeic5lgrspbt32jnwa2ibxoylj7nkdokmqwt4ooinli2nogqofrnxbe.ipfs.dweb.link/,0,1,0,0,0,0,0,0,1,0,0,0,1,0,1
https://crystalline-separate-move.glitch.me/public/nf00.HTM,1,0,0,0,1,0,0,0,1,0,0,0,0,1,1
https://wild-bush-cde4.15826168768004.workers.dev/?sso_reload=true,1,0,0,0,1,0,0,0,1,0,0,0,0,1,1
https://wild-bush-cde4.15826168768004.workers.dev/,1,0,0,0,1,0,0,0,1,0,0,0,0,1,1
https://chsjvantgh.hacfgoplnm5368.workers.dev/,1,0,0,0,0,0,0,0,1,0,0,0,0,1,1
https://cs23145.tw1.ru/,1,0,0,0,0,0,0,0,0,0,0,0,0,1,1
https://validand0bip.webcindario.com/,1,0,0,0,0,0,0,0,0,0,0,0,0,0,0
https://jsiinggh44.wixsite.com/bt-mail,1,0,0,0,0,0,0,0,0,0,0,0,0,1,1
https://little-water-27bb.driveloadoedd.workers.dev/,1,0,0,0,1,0,0,0,1,0,0,0,0,1,1
https://scbult1.wixsite.com/broadbanditmail,1,0,0,0,0,0,0,0,0,0,0,0,0,1,1
https://hello-world-rapid-bread-33e4.execuiisine.workers.dev/,1,0,0,0,1,0,0,0,1,0,0,0,0,1,1
https://myarrowpay.online/v/s/a/session_index.php,0,0,0,0,0,0,0,0,0,0,0,0,1,1,1
https://cnvrnce-cll.com/update,0,0,0,0,1,0,0,0,0,0,0,0,1,1,1
https://psk-app.co/,1,0,0,0,1,0,0,0,0,0,0,0,0,1,1
https://help-in-handling-violation-1029045867.netlify.app/form-10293728372.html,1,1,0,0,1,0,0,0,1,0,0,0,0,1,1
https://maddenmedical.pages.dev/,1,0,0,0,0,0,0,0,0,0,0,0,0,1,1
https://btbroadbandmails.wixsite.com/my-site,1,0,0,0,0,0,0,0,0,0,0,0,0,1,1
https://swisspass.sytes.net/,0,0,0,0,0,0,0,0,0,0,0,0,1,1,1
https://webmailgebruikerlogin.weebly.com/,1,0,0,0,0,0,0,0,1,0,0,0,0,0,1
https://www.immobiliarecaorle.it/wp-content/,0,0,0,0,0,0,0,0,0,0,0,0,1,0,1
https://upwaybt.weebly.com/,1,0,0,0,0,0,0,0,0,0,0,0,0,0,1
https://att-mai.weeblysite.com/,1,0,0,0,1,0,0,0,0,0,0,0,0,0,1
https://login-screen-24-4-2024.weeblysite.com/,1,0,0,0,1,0,0,0,1,0,0,0,0,0,1
https://docs.google.com/presentation/d/e/2PACX-1vT2xRXIWfG92L6BTihc1gPEi6bqSnE840uKCzRrxZwwFTjFBFJfqgynSrdc3ftwM8LqNpR1sSKsRGy9/pub?start=false&amp;loop=false&amp;delayms=3000,1,1,0,0,0,0,0,0,0,0,0,0,0,0,0
https://dfgd-109549.weeblysite.com/,1,0,0,0,1,0,0,0,0,0,0,0,0,0,1
https://docs.google.com/presentation/d/e/2PACX-1vQwyNkdiP1Ne4TQOYgjHJyP-3Xy8e84no6DA4kj37jq8ax-yrLeMj22MGlUiwHZ52v27AEVVucFN7hk/pub?start=false&amp;loop=false&amp;delayms=3000,1,1,0,0,0,0,0,0,0,0,0,0,0,0,0
http://bpi-particulares.com,0,0,0,0,1,0,0,0,0,0,0,1,1,1,1
http://bpi-particulares.com/log.php,0,0,0,0,1,0,0,0,0,0,0,1,1,1,1
https://docs.google.com/presentation/d/e/2PACX-1vSF7K0JU8ouekDfh03lywjb4Ag_qCDKl43azDjXnRUdENGjJoJH36UfgKmb6a0wJqBRCCriVUHoH3S0/pub?start=false&amp;loop=false&amp;delayms=3000&amp;slide=id.p,1,1,0,0,0,0,0,0,0,0,0,0,0,0,0
https://pub-655ff0a96fde49dda2a5d040b2627463.r2.dev/index.html#x@x-x.com,1,0,0,1,1,0,0,0,1,0,0,0,0,0,0
https://optimizeracnt.com/adsmaneger-setting/homes.html,0,0,0,0,0,0,0,0,0,0,0,0,1,1,1
https://optimizeracnt.com/update,0,0,0,0,0,0,0,0,0,0,0,0,1,1,1
https://correeo.icu/i?ecn=AVWKJv4LgF,0,0,0,0,0,0,0,0,0,0,0,0,1,1,1
https://mark-103329ghwdwjhwduiwjhjk.square.site/,1,0,0,0,1,0,0,0,1,0,0,0,0,0,1
https://docs.google.com/presentation/d/e/2PACX-1vQ_qn45oMaZzR3_W3YTflUspnvPixfLUeL2z_EHnOOdPpDa2xnX1ijrJRtN9q-arnLjw8U5o4wZ5b2T/pub?start=false&amp;loop=false&amp;delayms=3000,1,1,0,0,0,0,0,0,0,0,0,0,0,0,0
https://229.237.205.92.host.secureserver.net/,0,0,0,0,0,0,0,1,1,0,0,0,1,0,1
https://229.237.205.92.host.secureserver.net/zk2mz02,0,0,0,0,0,0,0,1,1,0,0,0,1,0,1
https://229.237.205.92.host.secureserver.net/zk2mz02/,0,0,0,0,0,0,0,1,1,0,0,0,1,0,1
https://logistik-schweiz-unternehmen.com/login/dpdch/,1,0,0,0,1,0,0,0,1,0,0,0,0,1,1
https://simkacho.com/ariba/,0,0,0,0,0,0,0,0,0,0,0,0,1,1,1
https://docs.google.com/presentation/d/e/2PACX-1vSMS-YEaWJcTUzf6px38g_k7RQNbHeIHezKand5rnWwxe4SJitr-3zHPZp9VGhzKTUZQebU_ql3-g3O/pub?start=false&amp;loop=false&amp;delayms=3000,1,1,0,0,0,0,0,0,0,0,0,0,0,0,0
https://hhjkdfjkjkerjkjxkedfjkdksjfkd.weeblysite.com/,1,0,0,0,0,0,0,0,1,0,0,0,0,0,1
https://flow.page/upfront0,1,0,0,0,0,0,0,0,0,0,0,0,0,0,1
https://flow.page/upfront0,1,0,0,0,0,0,0,0,0,0,0,0,0,0,1
https://docs.google.com/presentation/d/e/2PACX-1vTn90lCZ1y8yRHh3w9sBRW-w7F8xY39QCSUu1BmuV8DJYGM-f80zEmKnzSA03PNaNM_KP1eJDjJzhex/pub?start=false&amp;loop=false&amp;delayms=3000,1,1,0,0,0,0,0,0,0,0,0,0,0,0,0
http://mfcytoivup.duckdns.org,0,0,0,0,0,0,0,0,0,0,0,1,1,1,1
https://o3nh7.hp.peraichi.com/,1,0,0,0,0,0,0,0,0,0,0,0,0,0,0
https://linknetworkscurtyvsverice.weebly.com/,1,0,0,0,0,0,0,0,1,0,0,0,0,0,1
https://bt365-f4a558.webflow.io/,1,0,0,0,1,0,0,0,0,0,0,0,0,0,0
https://uiolinemassprofilleupdate.dynamic-dns.net/login?toks=eyJhbGciOiJIUzI1NiIsInR5cCI6IkpXVCJ9.eyJlbWFpbCI6Im5naW54MTA0QHNraWZmLmNvbSIsImlhdCI6MTcwNDg0OTAxMn0.RZVnGo_dS10-1cVnW67-pUAG78IYo0BiuBw2ecHCvrQ,1,1,0,0,1,0,0,0,1,0,0,0,0,0,1
https://mobilearrowheadcu.org/now/s/a/session_index.php,0,0,0,0,0,0,0,0,0,0,0,0,1,1,1
https://vryfypost0574654556.github.io/complaint/,1,0,0,0,0,0,0,0,0,0,0,0,0,1,1
https://impproove-direct.com/adsmaneger-setting/homes.html,0,0,0,0,1,0,0,0,0,0,0,0,1,1,1
https://impproove-direct.com/update,0,0,0,0,1,0,0,0,0,0,0,0,1,1,1
http://irsus-welcome.top/178IRS?ZHq=xgtlHrSsRm,0,0,0,0,1,0,0,0,0,0,0,1,1,1,1
https://at-ts-awesome-site-4525af.webflow.io/,1,0,0,0,1,0,0,0,1,0,0,0,0,0,0
https://docs.google.com/presentation/d/e/2PACX-1vQEX9i_R8w6YLhSRuW6sc1wxCb97-c8tLCSnkDWiTPXlQ5wUqabnlSqswXbDKb4Ex47TcX7kb0coKUV/pub?start=false&amp;loop=false&amp;delayms=3000,1,1,0,0,0,0,0,0,0,0,0,0,0,0,0
https://about-meta.my.id/company/,1,0,0,0,1,0,0,0,0,0,0,0,0,1,1
https://jbhgvf.pages.dev/connection-module/,1,0,0,0,0,0,0,0,0,0,0,0,0,1,1
https://68-jxo.cfd/ai/?oferta/obiektyw-sony-gm-35mm-f18-stan-idealny?navCategoryId=8845&amp;t=1714053290641#product,0,1,0,0,1,0,0,0,0,0,0,0,1,1,1
https://ab1ea1713a4d92a0c00e41f65fb60b40.hjri.pl/OGRO/m2930sk32/3b1abc03c01cac35e9b4115666127987/login/?,0,1,0,0,0,0,0,0,1,0,0,0,1,1,1
http://mfbvqlgtqw.duckdns.org,0,0,0,0,0,0,0,0,0,0,0,1,1,1,1
http://mexyyvtrml.duckdns.org,0,0,0,0,0,0,0,0,0,0,0,1,1,1,1
https://irsus-welcome.top/178IRS/,0,0,0,0,1,0,0,0,0,0,0,0,1,1,1
https://docs.google.com/presentation/d/e/2PACX-1vTNtq5V2fee3vB6nso3r2gjhQBSd8IYjznWVDw8NYkcIL6uJGlxBVMkVoN4C-dTw3wX1GAb6lwkrqAg/pub?start=true&amp;loop=true&amp;delayms=3000,1,1,0,0,0,0,0,0,0,0,0,0,0,0,0
http://irsus-welcome.top/178IRS?StD=RIAmSo8HOf,0,0,0,0,1,0,0,0,0,0,0,1,1,1,1
https://alowedcaassee.github.io/profil-10009876524/repository-name/shop/,1,0,0,0,0,0,0,0,0,0,0,0,0,1,1
https://gfghgyj.onepage.me/,1,0,0,0,0,0,0,0,0,0,0,0,0,0,0
http://qgxhcyibc.talentlingo.com/cgi-sys/suspendedpage.cgi?userid=ZmlsaXAucnViYWNla0BtdXAuY3o=,1,1,0,0,0,0,0,0,0,0,0,1,0,1,1
http://tavsythrp.talentlingo.com/cgi-sys/suspendedpage.cgi?userid=ZWxpc2thLmFudGtvdmFAbXVwLmN6,1,1,0,0,0,0,0,0,0,0,0,1,0,1,1
http://tavsythrp.talentlingo.com/cgi-sys/suspendedpage.cgi,1,0,0,0,0,0,0,0,0,0,0,1,0,1,1
https://redfcu-org.site/Servicecuorg/Servicecuorg,0,0,0,0,1,0,0,0,0,0,0,0,1,1,1
https://redfcu-org.site/servicec/servicecu,0,0,0,0,1,0,0,0,0,0,0,0,1,1,1
https://www.cakeresume.com/at-t-3e4c18,1,0,0,0,0,0,0,0,0,0,0,0,0,0,0
https://serviceattinternet.ru/Approved_plan.html,1,0,0,0,0,0,0,0,0,0,0,0,0,1,1
https://docs.google.com/presentation/d/e/2PACX-1vQ_SYK7GzXjlxJ_itUIOSiaNtd9qycu4a3YQ0AJbNrBs1yrnRAq5YgJtVecelgNQ8yCTuOR96VipUCe/pub?start=false&amp;loop=false&amp;delayms=3000,1,1,0,0,0,0,0,0,0,0,0,0,0,0,0
http://irsus-welcome.top/178lRS?XDk=qCmlK94OPlt,0,0,0,0,1,0,0,0,0,0,0,1,1,1,1
https://myeparterststacks.com/online/,0,0,0,0,0,0,0,0,0,0,0,0,1,1,1
https://keepo.io/gufgick/,1,0,0,0,0,0,0,0,0,0,0,0,0,0,0
https://b3d021d5909e3586c42dc9578e47998b.hjri.pl/OGRO/m2930sk32/64be815d30971c145fb7e661a57f70fc/login/,0,1,0,0,0,0,0,0,1,0,0,0,1,1,1
http://bpu.aay.mybluehost.me/website_601e6c84/CH/202noes,0,0,0,0,0,0,0,0,0,0,0,1,1,0,1
http://bpu.aay.mybluehost.me/website_601e6c84/CH/202noes/,0,0,0,0,0,0,0,0,0,0,0,1,1,0,1
https://nsfmisingd.weebly.com/,1,0,0,0,0,0,0,0,0,0,0,0,0,0,1
https://allegrolokalnie.34562.pl/oferta/oferta.php?id=923895eb2d149f2c0c2d5f5998702dd095be98,0,1,0,0,0,0,0,0,0,0,0,0,1,1,1
https://postoffice.adobe.com/po-server/link/redirect?target=eyJhbGciOiJIUzUxMiJ9.eyJ0ZW1wbGF0ZSI6ImNjX2NvbGxhYl9kY3NoYXJpbmdfdmlld19lbWFpbCIsImVtYWlsQWRkcmVzcyI6InNlZ3JldGFyaW9hdmlzY29sb2dub0BnbWFpbC5jb20iLCJyZXF1ZXN0SWQiOiI3ZDg1YjZkMi0zNjg1LTQ2ZTgtNWNlYy02MjgzY2MzMGQ5OTUiLCJsaW5rIjoiaHR0cHM6Ly9hY3JvYmF0LmFkb2JlLmNvbS9pZC91cm46YWFpZDpzYzpWQTZDMjo0MGM2ZGU4YS03NTc5LTQ0MDctOWEzOS0wNDU4MGVmMTUzYTciLCJsYWJlbCI6IjExIiwibG9jYWxlIjoiZW5fVVMifQ.XnFUMlJFgO0M_3qQzxQwED4JM8iHmweXlgkOmmMIl_qriPtSrz7Wn_CHZsiLEq9E6bdCX5HtlxRBdUYHoVxfYQ,1,1,0,0,0,0,0,0,0,0,0,0,0,0,0
https://cloudflare-ipfs.com/ipfs/bafkreihviq6bvufgdww2es7rfh4wnhnst4axze7dhrhgt4soj6wtgd3taq,1,1,0,0,1,0,0,0,0,0,0,0,0,0,0
https://de-sparkasseninfo.xyz/anmeldung.php,0,0,0,0,1,0,0,0,0,0,0,0,1,1,1
https://dkbzugriff.su/de/MeinZahlungsportal/Tan2goUberprufen/HzF3DTRYhCBG/Qbed1z08rJ1q/KeWngB/Tad2_TipX/?OiHKZ=0215520204101&RqQFis9x=WuAdZPapY2hbokOn3ALeS5iWuAQ5cB,1,1,0,0,0,0,0,0,0,0,0,0,0,1,1
https://2fa206405264e7.zweifaktor.top/3da0948b8ff48727b728b63124fb2b754937664a4b727077534b6f5652666c556a4f75394254383461463564424d32567959306d4636304d72745837636c444a455058524e522f333747313638693535/nobroveloyytae,1,1,0,0,0,0,0,0,0,0,0,0,0,1,1
http://mdhwsrnjie.duckdns.org,0,0,0,0,0,0,0,0,0,0,0,1,1,1,1
http://mdbwsplhef.duckdns.org,0,0,0,0,0,0,0,0,0,0,0,1,1,1,1
http://my.nauphilus.io/ionos/webmail/auth.php,1,0,0,0,0,0,0,0,0,0,0,1,1,0,1
https://meinpaketverfolgung.com/,0,0,0,0,0,0,0,0,0,0,0,0,1,1,1
https://pub-00b426cef5c348efa54ba3a71dc16184.r2.dev/thgene.html#example@example.ch,1,1,0,1,1,0,0,0,1,0,0,0,0,0,0
https://pub-00b426cef5c348efa54ba3a71dc16184.r2.dev/thgene.html,1,0,0,0,1,0,0,0,1,0,0,0,0,0,0
https://uws.uxb.mybluehost.me/PF/TR/,0,0,0,0,0,0,0,0,0,0,0,0,1,0,1
https://uws.uxb.mybluehost.me/PF/,0,0,0,0,0,0,0,0,0,0,0,0,1,0,1
https://g4zl7yyq.square.site/,1,0,0,0,0,0,0,0,0,0,0,0,0,0,1
https://ovhcloud.fr-manager-domain.com/index.html,1,0,0,0,1,0,0,0,0,0,0,0,0,1,1
https://getsignedoff.com/adsmaneger-setting/homes.html,0,0,0,0,0,0,0,0,0,0,0,0,1,1,1
https://getsignedoff.com/update,0,0,0,0,0,0,0,0,0,0,0,0,1,1,1
https://a11egrolokalnie.39526485.xyz/nnmv6re8,0,0,0,0,0,0,0,0,0,0,0,0,1,1,1
https://alimdadupholstery.com/.etc/,1,0,0,0,0,0,0,0,0,0,0,0,0,0,1
https://att-103616-106404.square.site/,1,0,0,0,1,0,0,0,0,0,0,0,0,0,1
https://winted.087697707.xyz/wwn5h94y/WOI9v4/7,0,0,0,0,0,0,0,0,0,0,0,0,1,1,1
https://www.dropbox.com/c/scl/fi/nhxrb6jo73q7yzcp4r23k/Securely-sign-in-with-your-email-address-to-keep-you-updated..paper?rlkey=me99ubv8doezx00x5qxdcjezy&dl=0,1,1,0,0,0,0,0,0,0,0,0,0,0,0,0
https://www.dropbox.com/scl/fi/nhxrb6jo73q7yzcp4r23k/Securely-sign-in-with-your-email-address-to-keep-you-updated..paper?rlkey=me99ubv8doezx00x5qxdcjezy&dl=0,1,1,0,0,0,0,0,0,0,0,0,0,0,0,0
https://winted.187697707.xyz/wwn5h94y/WOI9v4/7,0,0,0,0,0,0,0,0,0,0,0,0,1,1,1
https://winted.287697707.xyz/wwn5h94y/WOI9v4/7,0,0,0,0,0,0,0,0,0,0,0,0,1,1,1
https://winted.387697707.xyz/wwn5h94y/WOI9v4/7,0,0,0,0,0,0,0,0,0,0,0,0,1,1,1
https://winted.487697707.xyz/wwn5h94y/WOI9v4/7,0,0,0,0,0,0,0,0,0,0,0,0,1,1,1
https://winted.687697707.xyz/wwn5h94y/WOI9v4/7,0,0,0,0,0,0,0,0,0,0,0,0,1,1,1
https://winted.787697707.xyz/wwn5h94y/WOI9v4/7,0,0,0,0,0,0,0,0,0,0,0,0,1,1,1
https://t-znvh.cfd/ai/?oferta/lukas-podolski-autograf-sportzoo-ektraklasa-069?navCategoryId=&t=1714037267150,0,1,0,0,1,0,0,0,0,0,0,0,1,1,1
https://t-znvh.cfd/ai/?oferta/lukas-podolski-autograf-sportzoo-ektraklasa-069?navCategoryId=&t=1714037267150#product,0,1,0,0,1,0,0,0,0,0,0,0,1,1,1
https://winted.887697707.xyz/wwn5h94y/WOI9v4/7,0,0,0,0,0,0,0,0,0,0,0,0,1,1,1
https://a11egrolokalnie.39526485.xyz/wwn5h94y/WOI9v4/7,0,0,0,0,0,0,0,0,0,0,0,0,1,1,1
https://a11egrolokalnie.49526485.xyz/wwn5h94y/WOI9v4/7,0,0,0,0,0,0,0,0,0,0,0,0,1,1,1
https://a11egrolokalnie.59526485.xyz/wwn5h94y/WOI9v4/7,0,0,0,0,0,0,0,0,0,0,0,0,1,1,1
https://cloudflare-ipfs.com/ipfs/bafybeigoetmqq7cxsuwxp4lf254atjbrfhqfklbsmh5sdjnwo62zkcip3a/update.html,1,1,0,0,1,0,0,0,0,0,0,0,0,0,0
https://jnpost.187697787.xyz/wwn5h94y/WOI9v4/7,0,0,0,0,0,0,0,0,0,0,0,0,1,1,1
https://jnpost.287697787.xyz/wwn5h94y/WOI9v4/7,0,0,0,0,0,0,0,0,0,0,0,0,1,1,1
https://jnpost.387697787.xyz/wwn5h94y/WOI9v4/7,0,0,0,0,0,0,0,0,0,0,0,0,1,1,1
https://sslkkmbdyeuws.weebly.com/,1,0,0,0,0,0,0,0,0,0,0,0,0,0,1
https://jnpost.587697787.xyz/wwn5h94y/WOI9v4/7,0,0,0,0,0,0,0,0,0,0,0,0,1,1,1
https://jnpost.687697787.xyz/wwn5h94y/WOI9v4/7,0,0,0,0,0,0,0,0,0,0,0,0,1,1,1
https://jnpost.787697787.xyz/wwn5h94y/WOI9v4/7,0,0,0,0,0,0,0,0,0,0,0,0,1,1,1
https://jnpost.887697787.xyz/wwn5h94y/WOI9v4/7,0,0,0,0,0,0,0,0,0,0,0,0,1,1,1
https://0lx.087541512.xyz/wwn5h94y/WOI9v4/7,0,0,0,0,0,0,0,0,0,0,0,0,1,1,1
https://0lx.487541512.xyz/wwn5h94y/WOI9v4/7,0,0,0,0,0,0,0,0,0,0,0,0,1,1,1
https://ipfs.io/ipfs/QmaPjEV7GugYSnzEebb7sr12q8Fmhg4KhFVtASjXdbzS5X/,1,0,0,0,0,0,0,0,0,0,0,0,0,0,0
https://ipfs.io/ipfs/QmaPjEV7GugYSnzEebb7sr12q8Fmhg4KhFVtASjXdbzS5X/,1,0,0,0,0,0,0,0,0,0,0,0,0,0,0
https://ipfs.io/ipfs/QmaPjEV7GugYSnzEebb7sr12q8Fmhg4KhFVtASjXdbzS5X/?64=&amp;twclid=2-40m843sws4thiparxhuz7tyzu,1,1,0,0,0,0,0,0,0,0,0,0,0,0,0
https://bafkreifr3slplehfq7afndqybuoeiaadbeutrjzlmwt2f75fsaygerrjpq.ipfs.cf-ipfs.com/#tchatzi@arx.net,1,1,0,1,1,0,0,0,1,0,0,0,0,0,0
https://0lx.287541512.xyz/wwn5h94y/WOI9v4/7,0,0,0,0,0,0,0,0,0,0,0,0,1,1,1
https://0lx.687541512.xyz/wwn5h94y/WOI9v4/7,0,0,0,0,0,0,0,0,0,0,0,0,1,1,1
https://41628678-d74ad18b.smilekanlansh.com/,0,0,0,0,1,0,0,0,1,0,0,0,1,1,1
https://walletconnect.sviluppo.host/trade/,1,0,0,0,0,0,0,0,0,0,0,0,0,0,0
https://cloudflare-ipfs.com/ipfs/QmVXmbtTXtCFXYTv86i9y2S4RYq4WErcaVCS9eH5YsNWan#xx%40xxxxxxxxxxxx.ch%7CDE,1,1,0,0,1,0,0,0,0,0,0,0,0,0,0
https://twintactive.firebaseapp.com/,1,0,0,0,0,0,0,0,0,0,0,0,0,1,1
http://vulkan-inox.shop/Webmail/4/Webmail/webmail.php?email=yves.piguet@calerga.com,0,1,0,1,1,0,0,0,0,0,0,1,1,1,1
http://box5175.temp.domains/~widchhmy/CH/,1,0,0,0,0,0,0,0,0,0,0,1,1,0,1
https://cloudflare-ipfs.com/ipfs/QmayP2ZChezsqUC8nCaXghXY1FCQFXhLhjYesSCT85QjY7#mail@mail.com%7CDE,1,1,0,1,1,0,0,0,0,0,0,0,0,0,0
https://update-online-ch-servicenow.codeanyapp.com/,0,0,0,0,1,0,0,0,1,0,0,0,0,0,1
https://fal.unulrasar.my.id/lana1/lana2/,0,0,0,0,0,0,0,0,0,0,0,0,1,1,1
https://a17b83edb0e5ac9dc16f63c52174fb27.hjri.pl/OGRO/m2930sk32/2b2d2fd2c58b2a94678ca1cc05e3cbde/login/,0,1,0,0,0,0,0,0,1,0,0,0,1,1,1
https://cloudflare-ipfs.com/ipfs/QmW8Ck3pW7HT7R87LS9Z561R8B4X144PJFSfTRsmdrQ9XT#postmaster@muttenznet.ch%7CDE,1,1,0,1,1,0,0,0,0,0,0,0,0,0,0
https://mail-servicos-terra-news8.ny-2.paas.massivegrid.net/????????,1,0,0,0,1,0,0,0,1,0,0,0,0,0,0
https://meta-customerservice.my.id/help,0,0,0,0,1,0,0,0,0,0,0,0,1,1,1
https://ilanguagesolutions.com/wp-content/themes/twentytwentyone/inc/ionos/app/index.php,1,1,0,0,0,0,0,0,0,0,0,0,0,0,1
http://bradtoscashbackonlineeuponto.me,1,0,0,0,0,0,0,0,1,0,0,1,0,1,1
https://cloudflare-ipfs.com/ipfs/Qmd9VGXipGrNXBWcHgWSyLAgnwPt7AA8NR5iBLU2TR6qbD#admin@breitband.ch%7CDE,1,1,0,1,1,0,0,0,0,0,0,0,0,0,0
https://b13e0fb9bbbf4e67dcad750cd631aecc.grisas.pl/OGRO/m2930sk32/0fbb40c6ce5cbcc45edc109c9cee8a4b/login/,0,1,0,0,0,0,0,0,1,0,0,0,1,1,1
https://services-contraventions-antai.com/,0,0,0,0,1,0,0,0,1,0,0,0,1,1,1
http://lokalnie-porzadek.info/s/dbtv,0,0,0,0,1,0,0,0,0,0,0,1,1,1,1
https://smacvapss.jp.phu78.com,0,0,0,0,0,0,0,0,0,0,0,0,1,0,1
http://mcowvawrvz.duckdns.org,0,0,0,0,0,0,0,0,0,0,0,1,1,1,1
http://mcheaplisq.duckdns.org,0,0,0,0,0,0,0,0,0,0,0,1,1,1,1
http://mcbxtjeaki.duckdns.org,0,0,0,0,0,0,0,0,0,0,0,1,1,1,1
http://mbxroiczrr.duckdns.org,0,0,0,0,0,0,0,0,0,0,0,1,1,1,1
http://mbrolhezgb.duckdns.org,0,0,0,0,0,0,0,0,0,0,0,1,1,1,1
http://mazwkheann.duckdns.org,0,0,0,0,0,0,0,0,0,0,0,1,1,1,1
https://cyv83.com,0,0,0,0,0,0,0,0,0,0,0,0,1,0,1
https://zeegu18.com,0,0,0,0,0,0,0,0,0,0,0,0,1,0,1
https://microsoft-microsoft-microsoft-microsoft.drfilizaltioglucig.com/?office=bGlzZWxvdHRlLm11bmtAZmFkYXRhLmV1$,0,1,0,0,1,0,0,0,1,0,0,0,1,0,1
https://a11egrolokalnie.29526485.xyz/captcha,0,0,0,0,0,0,0,0,0,0,0,0,1,1,1
https://117.52.18.147,0,0,0,0,0,0,0,0,0,0,0,0,1,1,1
https://shijzxxw.cn/login,0,0,0,0,0,0,0,0,0,0,0,0,1,0,1
https://zgrf.com.cn/login,0,0,0,0,0,0,0,0,0,0,0,0,1,0,1
https://nadong.cn/login,0,0,0,0,0,0,0,0,0,0,0,0,1,0,1
https://yucity.com/,0,0,0,0,0,0,0,0,0,0,0,0,1,0,1
https://bestvps.top/login,0,0,0,0,0,0,0,0,0,0,0,0,1,0,1
https://lhxu.cn/login,0,0,0,0,0,0,0,0,0,0,0,0,1,0,1
https://heiqi.xyz/login,0,0,0,0,0,0,0,0,0,0,0,0,1,0,1
https://cdnw.net.cn/login,0,0,0,0,0,0,0,0,0,0,0,0,1,0,1
https://youluck.fun/,0,0,0,0,0,0,0,0,0,0,0,0,1,0,1
https://violation-request-help-center.glitch.me/,1,0,0,0,1,0,0,0,1,0,0,0,0,1,1
https://attmailsuppoert.square.site/,1,0,0,0,0,0,0,0,0,0,0,0,0,0,1
http://hkhjk.linkpc.net/,1,0,0,0,0,0,0,0,0,0,0,1,0,0,0
https://mail-108083.weeblysite.com/,1,0,0,0,1,0,0,0,0,0,0,0,0,0,1
https://cloudflare-ipfs.com/ipfs/bafybeieaxsmfjtimrlafmxg5uvbzlrlythovfwcy3w2ob2wn6mavo4hw4y/steelproduct.html/#contact@nemetschek.com,1,1,0,1,1,0,0,0,0,0,0,0,0,0,0
https://cloudflare-ipfs.com/ipfs/bafybeidslltgcyrojxooxubymtr6y45qjoa7pus6uac2yvbprpg3fyxyou/wbm032924B.html?gepyijpirnjhomesiaawvvpojrevllmodvnhtxvwwvbulvvlea=3487693138952486404270843,1,1,0,0,1,0,0,0,0,0,0,0,0,0,0
https://cloudflare-ipfs.com/ipfs/bafybeicoqgez5lqc73att6qavkmuj5ejepvmdt6ziro5ngd3gejhztuajq/view1.html#dubai@smas-ip.com,1,1,0,1,1,0,0,0,0,0,0,0,0,0,0
https://cloudflare-ipfs.com/ipfs/bafybeiaanmfegvimma3jq4mmakcmmia7ktjs7iz6ycmhvi7l4fm573iyd4,1,1,0,0,1,0,0,0,0,0,0,0,0,0,0
https://cloudflare-ipfs.com/ipfs/bafkreifklaavvyb2igbglun4lklv5dc272ktzxfkdj22pwenxrmin36t6q,1,1,0,0,1,0,0,0,0,0,0,0,0,0,0
https://annettesouth2.wixstudio.io/attt,1,0,0,0,0,0,0,0,0,0,0,0,0,0,0
https://hqo1rtd.duckdns.org,0,0,0,0,0,0,0,0,0,0,0,0,1,1,1
https://ums03e5x.duckdns.org,0,0,0,0,0,0,0,0,0,0,0,0,1,1,1
https://uqk0l7hk0.duckdns.org,0,0,0,0,0,0,0,0,0,0,0,0,1,1,1
https://8vwx1c0jf.duckdns.org,0,0,0,0,0,0,0,0,0,0,0,0,1,1,1
https://93alar9w.duckdns.org,0,0,0,0,0,0,0,0,0,0,0,0,1,1,1
https://8zlyni.duckdns.org,0,0,0,0,0,0,0,0,0,0,0,0,1,1,1
https://zwqsj21hk.duckdns.org,0,0,0,0,0,0,0,0,0,0,0,0,1,1,1
https://aoxzdr9.duckdns.org,0,0,0,0,0,0,0,0,0,0,0,0,1,1,1
https://xn1bcx.duckdns.org,0,0,0,0,0,0,0,0,0,0,0,0,1,1,1
https://xcpxii5.duckdns.org,0,0,0,0,0,0,0,0,0,0,0,0,1,1,1
https://x4m9tleqa.duckdns.org,0,0,0,0,0,0,0,0,0,0,0,0,1,1,1
https://xjsyfsilz.duckdns.org,0,0,0,0,0,0,0,0,0,0,0,0,1,1,1
https://vd1tmi.duckdns.org,0,0,0,0,0,0,0,0,0,0,0,0,1,1,1
https://15glc87q.duckdns.org,0,0,0,0,0,0,0,0,0,0,0,0,1,1,1
https://rsojsggcg.duckdns.org,0,0,0,0,0,0,0,0,0,0,0,0,1,1,1
https://g61pdp.duckdns.org,0,0,0,0,0,0,0,0,0,0,0,0,1,1,1
https://50gfs63i.duckdns.org,0,0,0,0,0,0,0,0,0,0,0,0,1,1,1
https://0cs7n9a.duckdns.org,0,0,0,0,0,0,0,0,0,0,0,0,1,1,1
https://oujdg.top/,0,0,0,0,0,0,0,0,0,0,0,0,1,1,1
https://fdzzw.com/,0,0,0,0,0,0,0,0,0,0,0,0,1,0,1
https://aeno.co.jp.ygyg12.com/aeon,0,0,0,0,0,0,0,0,0,0,0,0,1,0,1
https://aeno.co.jp.zeegu38.com/aeon,0,0,0,0,0,0,0,0,0,0,0,0,1,0,1
https://gy91dl.duckdns.org,0,0,0,0,0,0,0,0,0,0,0,0,1,1,1
https://he30cogr8.duckdns.org,0,0,0,0,0,0,0,0,0,0,0,0,1,1,1
https://aeno.co.jp.zeegu39.com/aeon,0,0,0,0,0,0,0,0,0,0,0,0,1,0,1
https://h7a1aizb.duckdns.org,0,0,0,0,0,0,0,0,0,0,0,0,1,1,1
https://aeno.co.jp.ynsss11.com/aeon,0,0,0,0,0,0,0,0,0,0,0,0,1,0,1
https://grkgp3o2.duckdns.org,0,0,0,0,0,0,0,0,0,0,0,0,1,1,1
https://he4r60t5h.duckdns.org,0,0,0,0,0,0,0,0,0,0,0,0,1,1,1
https://6j8gxv.duckdns.org,0,0,0,0,0,0,0,0,0,0,0,0,1,1,1
https://fzjl21.duckdns.org,0,0,0,0,0,0,0,0,0,0,0,0,1,1,1
https://aeno.co.jp.kkuee24.com/aeon,0,0,0,0,0,0,0,0,0,0,0,0,1,0,1
https://aeno.co.jp.audde25.com/aeon,0,0,0,0,0,0,0,0,0,0,0,0,1,0,1
https://gkvxbna9.duckdns.org,0,0,0,0,0,0,0,0,0,0,0,0,1,1,1
https://aeno.co.jp.fueen33.com/aeon,0,0,0,0,0,0,0,0,0,0,0,0,1,0,1
https://41aublz.duckdns.org,0,0,0,0,0,0,0,0,0,0,0,0,1,1,1
https://4uhkfds2.duckdns.org,0,0,0,0,0,0,0,0,0,0,0,0,1,1,1
https://2nlv6xliw.duckdns.org,0,0,0,0,0,0,0,0,0,0,0,0,1,1,1
https://2skkrk55j.duckdns.org,0,0,0,0,0,0,0,0,0,0,0,0,1,1,1
https://3snk7gk.duckdns.org,0,0,0,0,0,0,0,0,0,0,0,0,1,1,1
https://3xc46kgc.duckdns.org,0,0,0,0,0,0,0,0,0,0,0,0,1,1,1
https://www.paypayjp.vip,0,0,0,0,0,0,0,0,0,0,0,0,1,1,1
https://xoxmyro.cn/login,0,0,0,0,0,0,0,0,0,0,0,0,1,0,1
https://uf10jwq3zv5qk69vqy0je.com.ylmqzjg.cn/,0,0,0,0,0,0,0,0,1,0,0,0,1,0,1
https://mailserviceredirect-att-logiin.weebly.com/,1,0,0,0,1,0,0,0,1,0,0,0,0,0,1
https://redfcu-org.online/Servicecuorg/Servicecuorg,0,0,0,0,1,0,0,0,0,0,0,0,1,1,1
https://signin-member1st.icu/Service,0,0,0,0,1,0,0,0,0,0,0,0,1,1,1
https://allegrolokalnie.pl-oferta17482.info,0,0,0,0,1,0,0,0,1,0,0,0,1,1,1
http://hni60k64k.duckdns.org/,0,0,0,0,0,0,0,0,0,0,0,1,1,1,1
http://mwqcr06le.duckdns.org/,0,0,0,0,0,0,0,0,0,0,0,1,1,1,1
http://5yz1tlv.duckdns.org/,0,0,0,0,0,0,0,0,0,0,0,1,1,1,1
http://zyzcw3o69.duckdns.org/,0,0,0,0,0,0,0,0,0,0,0,1,1,1,1
https://docs.google.com/presentation/d/e/2PACX-1vSAfUQ78sdFVDoA9oGw7yguc95NEHmMghC2zVKKNB0FrLXTjk4QZ8V8gxioKm6KZPrtchEE3lcHtmvY/pub?start=false&amp;loop=false&amp;delayms=3000,1,1,0,0,0,0,0,0,0,0,0,0,0,0,0
http://exqq0a.duckdns.org/,0,0,0,0,0,0,0,0,0,0,0,1,1,1,1
http://d2gew1.duckdns.org/,0,0,0,0,0,0,0,0,0,0,0,1,1,1,1
http://v865gswi.duckdns.org/,0,0,0,0,0,0,0,0,0,0,0,1,1,1,1
http://5ri22tr.duckdns.org/,0,0,0,0,0,0,0,0,0,0,0,1,1,1,1
http://4q1dzv.duckdns.org/,0,0,0,0,0,0,0,0,0,0,0,1,1,1,1
https://6e658109-460f-476f-90d4-2dde358e35ff-00-1feb5p2l143xf.riker.replit.dev/BancoInternacional.html,1,1,0,0,1,0,0,0,1,0,0,0,0,0,0
https://arrowheadv.tech/v/s/a/session_login.php,0,0,0,0,0,0,0,0,0,0,0,0,1,1,1
https://academi-arena.web.app/,1,0,0,0,1,0,0,0,0,0,0,0,0,1,1
https://academi-arena.firebaseapp.com/,1,0,0,0,1,0,0,0,0,0,0,0,0,1,1
https://appsucursal-virtual.web.app/,1,0,0,0,1,0,0,0,0,0,0,0,0,1,1
https://appsucursal-virtual.firebaseapp.com/,1,0,0,0,1,0,0,0,1,0,0,0,0,1,1
https://auilopuc-32.web.app/,1,0,0,0,1,0,0,0,0,0,0,0,0,1,1
https://auilopuc-32.firebaseapp.com/,1,0,0,0,1,0,0,0,0,0,0,0,0,1,1
https://authdapptools.web.app/,1,0,0,0,0,0,0,0,0,0,0,0,0,1,1
https://authdapptools.firebaseapp.com/,1,0,0,0,0,0,0,0,0,0,0,0,0,1,1
https://bancolombia-ds.web.app/,1,0,0,0,1,0,0,0,0,0,0,0,0,1,1
https://bancolombia-ds.firebaseapp.com/,1,0,0,0,1,0,0,0,0,0,0,0,0,1,1
https://canada-track-dashborad.web.app/,1,0,0,0,1,0,0,0,0,0,0,0,0,1,1
https://canada-track-dashborad.firebaseapp.com/,1,0,0,0,1,0,0,0,1,0,0,0,0,1,1
https://colositruderc.web.app/,1,0,0,0,0,0,0,0,0,0,0,0,0,1,1
https://colositruderc.firebaseapp.com/,1,0,0,0,0,0,0,0,0,0,0,0,0,1,1
https://dao-multiwallet.web.app/,1,0,0,0,1,0,0,0,0,0,0,0,0,1,1
https://dao-multiwallet.firebaseapp.com/,1,0,0,0,1,0,0,0,1,0,0,0,0,1,1
https://dappsmigrat.web.app/,1,0,0,0,0,0,0,0,0,0,0,0,0,1,1
https://dappsmigrat.firebaseapp.com/,1,0,0,0,0,0,0,0,0,0,0,0,0,1,1
https://deinducature.web.app/,1,0,0,0,0,0,0,0,0,0,0,0,0,1,1
https://deinducature.firebaseapp.com/,1,0,0,0,0,0,0,0,0,0,0,0,0,1,1
https://enimerosi-katastasis.web.app/,1,0,0,0,1,0,0,0,0,0,0,0,0,1,1
https://enimerosi-katastasis.firebaseapp.com/,1,0,0,0,1,0,0,0,1,0,0,0,0,1,1
https://erenobnp.web.app/,1,0,0,0,0,0,0,0,0,0,0,0,0,1,1
https://erenobnp.firebaseapp.com/,1,0,0,0,0,0,0,0,0,0,0,0,0,1,1
https://eumisecubet.web.app/,1,0,0,0,0,0,0,0,0,0,0,0,0,1,1
https://eumisecubet.firebaseapp.com/,1,0,0,0,0,0,0,0,0,0,0,0,0,1,1
https://facewed.web.app/,1,0,0,0,0,0,0,0,0,0,0,0,0,1,1
https://facewed.firebaseapp.com/,1,0,0,0,0,0,0,0,0,0,0,0,0,1,1
https://famepub.web.app/,1,0,0,0,0,0,0,0,0,0,0,0,0,1,1
https://famepub.firebaseapp.com/,1,0,0,0,0,0,0,0,0,0,0,0,0,1,1
https://gioptly-75.web.app/,0,0,0,0,1,0,0,0,0,0,0,0,1,1,1
https://grundwesterl.web.app/,1,0,0,0,0,0,0,0,0,0,0,0,0,1,1
https://new.express.adobe.com/webpage/JNXkaeULHv0Q1,1,0,0,0,0,0,0,0,0,0,0,0,0,0,0
https://herculinible.web.app/,1,0,0,0,0,0,0,0,0,0,0,0,0,1,1
https://herculinible.firebaseapp.com/,1,0,0,0,0,0,0,0,0,0,0,0,0,1,1
https://ileontouvre.web.app/,1,0,0,0,0,0,0,0,0,0,0,0,0,1,1
https://ileontouvre.firebaseapp.com/,1,0,0,0,0,0,0,0,0,0,0,0,0,1,1
https://inveunturepog.web.app/,1,0,0,0,0,0,0,0,0,0,0,0,0,1,1
https://inveunturepog.firebaseapp.com/,1,0,0,0,0,0,0,0,0,0,0,0,0,1,1
https://islrealexnius.web.app/,1,0,0,0,0,0,0,0,0,0,0,0,0,1,1
https://islrealexnius.firebaseapp.com/,1,0,0,0,0,0,0,0,0,0,0,0,0,1,1
https://matterissue-jp-information.web.app/,1,0,0,0,1,0,0,0,1,0,0,0,0,1,1
https://matterissue-jp-information.firebaseapp.com/,1,0,0,0,1,0,0,0,1,0,0,0,0,1,1
https://multichainsolutiions.web.app/,1,0,0,0,0,0,0,0,0,0,0,0,0,1,1
https://multichainsolutiions.firebaseapp.com/,1,0,0,0,0,0,0,0,1,0,0,0,0,1,1
https://href.li/?https://www.bbc.com,1,0,0,0,0,0,1,0,0,0,0,0,0,0,0
https://multicoin-wallet.web.app/,1,0,0,0,1,0,0,0,0,0,0,0,0,1,1
https://fontes.com.py/lndex/,1,0,0,0,0,0,0,0,0,0,0,0,0,1,1
https://multicoin-wallet.firebaseapp.com/,1,0,0,0,1,0,0,0,1,0,0,0,0,1,1
https://cembralinkberprfung.sviluppo.host/,1,0,0,0,0,0,0,0,1,0,0,0,0,0,0
https://superspeedposter.com/ch,1,0,0,0,0,0,0,0,0,0,0,0,0,1,1
https://mydirectfi.web.app/,1,0,0,0,0,0,0,0,0,0,0,0,0,1,1
https://mydirectfi.firebaseapp.com/,1,0,0,0,0,0,0,0,0,0,0,0,0,1,1
https://ibankg-mobile.netlify.app,1,0,0,0,1,0,0,0,0,0,0,0,0,1,1
https://thedigitalgarage.in/wp-content/js,1,0,0,0,0,0,0,0,0,0,0,0,0,0,0
https://ibankg-mobile.netlify.app/,1,0,0,0,1,0,0,0,0,0,0,0,0,1,1
https://ibankg-mobile.netlify.app,1,0,0,0,1,0,0,0,0,0,0,0,0,1,1
https://payrefundcontest.web.app/,1,0,0,0,0,0,0,0,0,0,0,0,0,1,1
https://cloudflare-ipfs.com/ipfs/bafybeiggae2bb3ljgn63yp2c6f5t54chqwbp7knwuj5hfpy7tdwqez6r4m/,1,1,0,0,1,0,0,0,0,0,0,0,0,0,0
https://payrefundcontest.firebaseapp.com/,1,0,0,0,0,0,0,0,1,0,0,0,0,1,1
https://ppoblins.web.app/,1,0,0,0,0,0,0,0,0,0,0,0,0,1,1
https://www.teatroinscatola.it/z,1,0,0,0,0,0,0,0,0,0,0,0,0,0,1
https://ppoblins.firebaseapp.com/,1,0,0,0,0,0,0,0,0,0,0,0,0,1,1
https://royalmail-delivery-issue.web.app/,1,0,0,0,1,0,0,0,1,0,0,0,0,1,1
https://one-eviseca-access-bebesabie36167493.codeanyapp.com/,0,0,0,0,1,0,0,0,1,0,0,0,0,0,1
https://royalmail-delivery-issue.firebaseapp.com/,1,0,0,0,1,0,0,0,1,0,0,0,0,1,1
https://thedigitalgarage.in/wp-content/js/,1,0,0,0,0,0,0,0,0,0,0,0,0,0,0
https://royalmail-update.web.app/,1,0,0,0,1,0,0,0,0,0,0,0,0,1,1
https://icsgroup.co.in/wp/wp-admin/maint/residential/clients/username.php,1,0,0,0,0,0,0,0,0,0,0,0,0,0,1
https://royalmail-update.firebaseapp.com/,1,0,0,0,1,0,0,0,1,0,0,0,0,1,1
https://slotwed.web.app/,1,0,0,0,0,0,0,0,0,0,0,0,0,1,1
https://08c9a311.c528794084dd4ab10266a9a7.workers.dev/,1,0,0,0,0,0,0,0,1,0,0,0,0,1,1
https://anibis.link66820.site/order/fWgF2WXF,0,0,0,0,0,0,0,0,0,0,0,0,1,1,1
https://slotwed.firebaseapp.com/,1,0,0,0,0,0,0,0,0,0,0,0,0,1,1
https://support-chelp.web.app/,1,0,0,0,1,0,0,0,0,0,0,0,0,1,1
https://grandclean.com.ua/d,1,0,0,0,0,0,0,0,0,0,0,0,0,0,1
https://support-chelp.firebaseapp.com/,1,0,0,0,1,0,0,0,0,0,0,0,0,1,1
https://cloudflare-ipfs.com/ipfs/bafybeihzgknwagfwotqkkf5xbbqowxxikqnnecczyiguhq2xgtgtlricym#example%40example.com,1,1,0,0,1,0,0,0,0,0,0,0,0,0,0
https://cloudflare-ipfs.com/ipfs/QmYMStLfyvLuMyg3DJaLayJR89z2x6vTq4dHqtQFi9znqr#jan.vos%40cfse.ch%7CDE,1,1,0,0,1,0,0,0,0,0,0,0,0,0,0
https://travelbnpcap.web.app/,1,0,0,0,0,0,0,0,0,0,0,0,0,1,1
https://travelbnpcap.firebaseapp.com/,1,0,0,0,0,0,0,0,0,0,0,0,0,1,1
https://verify-that-you-are-human.web.app/,1,0,0,0,1,0,0,0,1,0,0,0,0,1,1
https://verify-that-you-are-human.firebaseapp.com/,1,0,0,0,1,0,0,0,1,0,0,0,0,1,1
https://vystar-member1.web.app/,1,0,0,0,1,0,0,0,0,0,0,0,0,1,1
https://vystar-member1.firebaseapp.com/,1,0,0,0,1,0,0,0,0,0,0,0,0,1,1
https://yilpxlos-33.firebaseapp.com/,1,0,0,0,1,0,0,0,0,0,0,0,0,1,1
https://zauflomis-73.web.app/,1,0,0,0,1,0,0,0,0,0,0,0,0,1,1
https://zauflomis-73.firebaseapp.com/,1,0,0,0,1,0,0,0,0,0,0,0,0,1,1
https://lmuu.online/index%20(1).php/?link,0,0,0,0,0,0,0,0,0,0,0,0,1,1,1
https://parg.co/UzrZ,1,0,0,0,0,0,0,0,0,0,0,0,0,0,1
https://e2986fab-e6b0-4af0-ba62-9597b5452993-00-yd479v4g1znm.riker.replit.dev/,1,1,0,0,1,0,0,0,1,0,0,0,0,0,0
https://financialconsiderablewixnwy.replit.app/,1,0,0,0,0,0,0,0,1,0,0,0,0,0,0
https://logins.cc/jayVystarCU/index.php,0,0,0,0,0,0,0,0,0,0,0,0,1,1,1
https://my-fiankbg.com/cgi-sys/suspendedpage.cgi?xml_id=/bg_BG/Login?ID=972911073,1,1,0,0,1,0,0,0,0,0,0,0,0,1,1
https://my-fiankbg.com/cgi-sys/suspendedpage.cgi,1,0,0,0,1,0,0,0,0,0,0,0,0,1,1
https://monespaceconxs.ru/AScomitaLZservCTmwwxvFFmmger/,0,0,0,0,0,0,0,0,0,0,0,0,1,1,1
https://monespaceconxs.ru/AScoCo65218nfigWrvCTmwwmitaL/,0,0,0,0,0,0,0,0,0,0,0,0,1,1,1
https://monespaceconxs.ru/ZHcumppConfigWf0033iePmlPM/,0,0,0,0,0,0,0,0,0,0,0,0,1,1,1
https://litigepayrefund.duckdns.org/index.php,0,0,0,0,0,0,0,0,0,0,0,0,1,1,1
https://ch21175.tw1.ru/,0,0,0,0,0,0,0,0,0,0,0,0,1,1,1
https://service.portailcontravention.com/,0,0,0,0,0,0,0,0,1,0,0,0,1,1,1
https://cloudflare-ipfs.com/ipfs/bafybeigfhz2nmat3s3br5o2ckgpgb5b5pazyqmtwxxfyky2wl3uhakdn2i/cpsupport.html,1,1,0,0,1,0,0,0,0,0,0,0,0,0,0
http://irsid-welcomei.xyz/718ISr?alM=0nc2VBLSuu,0,0,0,0,1,0,0,0,0,0,0,1,1,1,1
https://1e83227a241b6e2cdca5dc925574c4b0.grisas.pl/OGRO/m2930sk32/2b9627386332aaae73b144fe208f7a44/login/,0,1,0,0,0,0,0,0,1,0,0,0,1,1,1
https://9f152e49ce68b0e1769a1bcde74a94d3.grisas.pl/OGRO/m2930sk32/ece1fccb4b4943b83e5a4b0af2f332d6/login/,0,1,0,0,0,0,0,0,1,0,0,0,1,1,1
https://7e6649e74317b3759a518522bbc4eb17.grisas.pl/OGRO/m2930sk32/9afbf495771f272f486dc87eb2ad86dc/login/,0,1,0,0,0,0,0,0,1,0,0,0,1,1,1
http://unbouncepages.com/67e1dbce-0273-11ef-9e09-8e09f1a4530e/,1,0,0,0,0,0,0,0,0,0,0,1,1,0,0
https://petalprinting.com/?,0,0,0,0,0,0,0,0,0,0,0,0,1,0,0
https://keepo.io/yutyy/,1,0,0,0,0,0,0,0,0,0,0,0,0,0,0
https://keepo.io/YUTYY,1,0,0,0,0,0,0,0,0,0,0,0,0,0,0
https://docs.google.com/presentation/d/e/2PACX-1vSVjWXCmFE9tWaoZbSJX4aUjjUM6Qx7NvJXL2kJcVJhVEGEw6i7nw6NNXpmKaOiDWomseFuGIDWpI-Z/pub?start=false&amp;loop=false&amp;delayms=3000,1,1,0,0,0,0,0,0,0,0,0,0,0,0,0
https://cloudflare-ipfs.com/ipfs/QmfYkdDwEBCX34ycH8KP1fSNLb1KaENzgCFnFPLhcVxpND/index2tho1704.html,1,1,0,0,1,0,0,0,0,0,0,0,0,0,0
https://dbcc8b6a68b02985dcf08749f7597b98.grisas.pl/OGRO/m2930sk32/004cc7518b8bd56c194edf67168702c6/login/,0,1,0,0,0,0,0,0,1,0,0,0,1,1,1
https://7761837e837a19e89aab1fa69bf6fc91.grisas.pl/OGRO/m2930sk32/bbebdfbce3f7f4f2b22e643714310fd4/login/,0,1,0,0,0,0,0,0,1,0,0,0,1,1,1
https://0c7b3dafe97d7261f564f067ffd1fe8d.grisas.pl/OGRO/m2930sk32/a6bf607cb4b6acc5b2ce8f9ead0ee0b9/login/,0,1,0,0,0,0,0,0,1,0,0,0,1,1,1
https://5fb3774d116af17e8a6477a2bca6dfe0.grisas.pl/OGRO/m2930sk32/d7934dc5b4b97e13a670100c384310d9/login/,0,1,0,0,0,0,0,0,1,0,0,0,1,1,1
https://df26871ef687ccba8357a0dc8f843540.grisas.pl/OGRO/m2930sk32/8de58836825d02136095ff170bfeb36b/login/,0,1,0,0,0,0,0,0,1,0,0,0,1,1,1
https://c47f57d8ee3999bd977f194f7a5c9681.grisas.pl/OGRO/m2930sk32/f82026bc80ca3aea13fffaf1b31cc98c/login/,0,1,0,0,0,0,0,0,1,0,0,0,1,1,1
https://www.referrals.com/admin/wp-lowdin/SBB/index/,1,0,0,0,0,0,0,0,0,0,0,0,0,0,0
https://renewal-manage-updatebill.work.gd/signin,0,0,0,0,1,0,0,0,1,0,0,0,1,0,0
https://banei-keiba.or.jp/404.php,1,0,0,0,1,0,0,0,0,0,0,0,0,1,1
https://www.mediapart.fr/,1,0,0,0,0,0,0,0,0,0,0,0,0,0,0
https://lakhtax.com/wp/wp-content/,1,0,0,0,0,0,0,0,0,0,0,0,0,0,1
https://one-eviseca-access-bebesabie36167493.codeanyapp.com/wp-content/themes/login/,0,1,0,0,1,0,0,0,1,0,0,0,0,0,1
https://cembralinkberprfung.sviluppo.host/pass/,1,0,0,0,0,0,0,0,1,0,0,0,0,0,0
https://app-31cfc703-d14a-40af-ab38-24dcb1cd2202.cleverapps.io/ch/e4c44/,1,0,0,0,1,0,0,0,1,0,0,0,0,1,1
https://www.mediapart.fr/,1,0,0,0,0,0,0,0,0,0,0,0,0,0,0
https://8490a671a0d26840236b2c688dddb47c.grisas.pl/OGRO/m2930sk32/11e76060b1ff9eff6cb65b12a71443cd/login/,0,1,0,0,0,0,0,0,1,0,0,0,1,1,1
https://cloudflare-ipfs.com/ipfs/bafkreidccjgodpopovdr7awmokgobh27jpgblcrodcxtytzdm7yfl4ed2q,1,1,0,0,1,0,0,0,0,0,0,0,0,0,0
https://cloudflare-ipfs.com/ipfs/QmfDFQa6A1GUEMcDKgKbNhhcz4vj8gKoDxirCQdYxUNY5U,1,1,0,0,1,0,0,0,0,0,0,0,0,0,0
https://docs.google.com/presentation/d/e/2PACX-1vRRJx9_RFAy0-JlriaUNwPugr8q-L_rkcPQPMe3das3e4Llm6v0s7rNP4hvDD2jcakov7PYPt64pHOk/pub?start=false&amp;loop=false&amp;delayms=3000,1,1,0,0,0,0,0,0,0,0,0,0,0,0,0
https://attffffmail23434.yolasite.com/,1,0,0,0,0,0,0,0,0,0,0,0,0,1,1
https://f-terms-req-appeal.github.io/100/request.html,1,0,0,0,1,0,0,0,0,0,0,0,0,1,1
https://docs.google.com/presentation/d/e/2PACX-1vQMGQ0HVCH476hEy7s101SGnFgCwkdYcaU1ZQzIFKglnXh_NiiKfZBHyn7HPOjsDD7RJ-7xI5qf42ys/pub?start=false&amp;loop=false&amp;delayms=3000,1,1,0,0,0,0,0,0,0,0,0,0,0,0,0
https://docs.google.com/presentation/d/e/2PACX-1vSwQxH71Na3X38_zNe9-Qiy16mcZD_fIENflU_XlkgD6GdrvBzkzlDqD2JjHk8F8PtLT-tglrAZfkvr/pub?start=false&loop=false&delayms=3000&slide=id.p%3E.,1,1,0,0,0,0,0,0,0,0,0,0,0,0,0
https://docs.google.com/presentation/d/e/2PACX-1vSwQxH71Na3X38_zNe9-Qiy16mcZD_fIENflU_XlkgD6GdrvBzkzlDqD2JjHk8F8PtLT-tglrAZfkvr/pub?start=false&loop=false&delayms=3000&slide=id.p,1,1,0,0,0,0,0,0,0,0,0,0,0,0,0
https://ing.direct-actividad.com/,0,0,0,0,1,0,0,0,0,0,0,0,1,1,1
https://serveruices.blob.core.windows.net/home/mua1/index.html,1,0,0,0,0,0,0,0,1,0,0,0,0,0,0
https://www.atlassian.com/error-pages,1,0,0,0,0,0,0,0,0,0,0,0,0,0,1
https://arrowhead.support/c/s/a/session_index.php,0,0,0,0,0,0,0,0,0,0,0,0,1,1,1
https://eqrco.de/a/ngZ05d,1,0,0,0,0,0,0,0,0,0,0,0,0,1,1
https://onwfacttasunslahf.norwayeast.cloudapp.azure.com/mobile.html,0,0,0,0,0,0,0,0,1,0,0,0,1,0,1
https://cloudflare-ipfs.com/ipfs/QmbcFvXYcQBzvkzhKE3nLFAcVEa9KrhNe4r1zWEAHUws7w/#test@test.cl,1,1,0,1,1,0,0,0,0,0,0,0,0,0,0
https://www.lng-app-soporte.com/es/,0,0,0,0,1,0,0,0,0,0,0,0,1,1,1
https://pub-916130aa2ddb449290d9ae9ad31c02be.r2.dev/oklouindex.html,1,0,0,0,1,0,0,0,1,0,0,0,0,0,0
https://nguyenkarambia.github.io/martabak/center.html,1,0,0,0,0,0,0,0,0,0,0,0,0,1,1
https://strlawoffice.pages.dev/,1,0,0,0,0,0,0,0,0,0,0,0,0,1,1
https://cloudflare-ipfs.com/ipfs/bafybeieaxsmfjtimrlafmxg5uvbzlrlythovfwcy3w2ob2wn6mavo4hw4y/steelproduct.html/,1,1,0,0,1,0,0,0,0,0,0,0,0,0,0
https://pr0tected-contunie.com/adsmaneger-setting/homes.html,0,0,0,0,1,0,0,0,0,0,0,0,1,1,1
https://pr0tected-contunie.com/update,0,0,0,0,1,0,0,0,0,0,0,0,1,1,1
https://broken-hat-112c.u4eulk3x.workers.dev/,1,0,0,0,1,0,0,0,1,0,0,0,0,1,1
https://pub-7dcd6c06c0334d5092167cff47f3d64d.r2.dev/index.html,1,0,0,0,1,0,0,0,1,0,0,0,0,0,0
https://fhulmanoc.duckdns.org/password.php,0,0,0,0,0,0,0,0,0,0,0,0,1,1,1
https://fhulmanoc.duckdns.org/,0,0,0,0,0,0,0,0,0,0,0,0,1,1,1
https://ayameclub-pan.yoimiya.workers.dev/?sso_reload=true,1,0,0,0,1,0,0,0,1,0,0,0,0,1,1
https://ayameclub-pan.yoimiya.workers.dev/,1,0,0,0,1,0,0,0,1,0,0,0,0,1,1
