https://webmail-updatersw3u-108717.weeblysite.com/,1,0,0,0,1,0,0,0,1,0,0,0,0,0,1
https://qawwxd.com,0,0,0,0,0,0,0,0,0,0,0,0,0,0,1
https://shqianai.com,0,0,0,0,0,0,0,0,0,0,0,0,1,0,1
https://9hck65bd.square.site,1,0,0,0,0,0,0,0,0,0,0,0,0,0,1
https://sswslikdnrhdu.weebly.com/,1,0,0,0,0,0,0,0,0,0,0,0,0,0,1
https://arowheadouh.online/check/s/a/session_index,0,0,0,0,0,0,0,0,0,0,0,0,1,1,1
https://docs.google.com/presentation/d/e/2PACX-1vRHJPubNRfAzfzf1Il9MqQgMerqhE1_7GhORruUbQuSjA71qxxP5_J77OOBWIEOOX-9qpZMOXiN4Rmx/pub?start=false&amp;loop=false&amp;delayms=3000,1,1,0,0,0,0,0,0,0,0,0,0,0,0,0
https://fget23.wixsite.com/my-site,1,0,0,0,0,0,0,0,0,0,0,0,0,1,1
https://docs.google.com/presentation/d/e/2PACX-1vSvjJlICaXBGTF8Kr_k9hkp_u2cEISRd7-QZ3LpPJZbtOWESDD-QjKgX6UI4rHp7b10EW8hi5iG87tl/pub?start=false&amp;loop=false&amp;delayms=3000,1,1,0,0,0,0,0,0,0,0,0,0,0,0,0
https://docs.google.com/presentation/d/e/2PACX-1vQEqgjz70860bysaU7f2tucKaJ4__BAErs-CwUqPhZw9IjZkNgn3UIRDT-cHC2NQr23NSONva_SU4PB/pub?start=false&amp;loop=false&amp;delayms=3000,1,1,0,0,0,0,0,0,0,0,0,0,0,0,0
https://fgfg24.wixsite.com/my-site-1?email=mmariner08%40sbcglobal.net&amp;passw0rd=dwerehe,1,1,0,0,0,0,0,0,0,0,0,0,0,1,1
https://docs.google.com/presentation/d/e/2PACX-1vQY2l5UG2TpBqA9waA7VpvpQDMCa4t-FZ5HJGRQFgo8gvWpOT1F_4BdFFiloAjSSRi6s0su8z4yFBUd/pub?start=false&amp;loop=false&amp;delayms=3000&amp;slide=id.p,1,1,0,0,0,0,0,0,0,0,0,0,0,0,0
https://docs.google.com/presentation/d/e/2PACX-1vQcfrhm7M41sU_Q6AxYkGMRRVK3uaCYFV0v3hZ7wV4zMIonCaj05ZNVHWKvEPJVJYMc-8-rNMIwEuCk/pub?start=false&amp;loop=false&amp;delayms=3000,1,1,0,0,0,0,0,0,0,0,0,0,0,0,0
https://solicitudvirtualtasacerointeres.app-web.click/?ref,0,0,0,0,1,0,0,0,1,0,0,0,1,1,1
https://docs.google.com/presentation/d/e/2PACX-1vSxXh5QrLxojTHihcZyA_tU3Cn2TFEsD6WVxEte9khQl6CQz1jxwErEwQN_1yWFEL6asSgNA6lKGge_/pub?start=false&amp;loop=false&amp;delayms=3000,1,1,0,0,0,0,0,0,0,0,0,0,0,0,0
https://livewalletconnection.github.io/,1,0,0,0,0,0,0,0,0,0,0,0,0,1,1
https://sunrise-ch-ns03137n715847.codeanyapp.com/ch/mail/e8a11e7a4b5df28144df1f628f16319b/,0,1,0,0,1,0,0,0,1,0,0,0,0,0,1
https://sunrise-ch-ns03137n715847.codeanyapp.com/ch/mail/,0,0,0,0,1,0,0,0,1,0,0,0,0,0,1
https://www.blogger.com/blogin.g?blogspotURL=https://chsunrise.blogspot.com/&type=blog,1,1,0,0,0,0,1,0,0,0,0,0,0,1,1
https://www.velahotels.net/,0,0,0,0,0,0,0,0,0,0,0,0,1,1,1
https://2h.ae/VuVc,1,0,0,0,0,0,0,0,0,0,0,0,0,1,1
https://openspotifay--bio.com/conect/,0,0,0,0,1,0,0,0,0,0,0,0,1,0,1
https://www.bullrunobserver.net/login.php,0,0,0,0,0,0,0,0,0,0,0,0,1,1,1
https://docs.google.com/presentation/d/e/2PACX-1vSOaZPiEG0gXusphVW5wUSJbDwEn3ABf56_NkxNNhn9qez4L4HdNHX4uh1yem5a5GSsaKZLBVA_AYej/pub?start=false&amp;loop=false&amp;delayms=3000,1,1,0,0,0,0,0,0,0,0,0,0,0,0,0
https://steamworkshopdevs.com/,0,0,0,0,0,0,0,0,0,0,0,0,1,1,1
https://www.steamworkshopdevs.com/,0,0,0,0,0,0,0,0,0,0,0,0,1,1,1
https://mailbox231.s3.us-east-005.backblazeb2.com/FRONTIER+FROM+YAHOO.html,1,0,0,0,1,0,0,0,1,0,0,0,0,0,1
https://attmailassess.weeblysite.com/,1,0,0,0,0,0,0,0,0,0,0,0,0,0,1
https://attmailerservice.brizy.site/,1,0,0,0,0,0,0,0,0,0,0,0,0,0,1
https://mikepattyjm.wixsite.com/my-site,1,0,0,0,0,0,0,0,0,0,0,0,0,1,1
https://att-109316-102080.weeblysite.com/,1,0,0,0,1,0,0,0,1,0,0,0,0,0,1
https://noicru344.s3.us-east-005.backblazeb2.com/homeadimn089.html,1,0,0,0,1,0,0,0,1,0,0,0,0,0,1
https://accountverifica2024.wixsite.com/my-site-3,1,0,0,0,0,0,0,0,1,0,0,0,0,1,1
https://ing.naranja-cliente.com,0,0,0,0,1,0,0,0,0,0,0,0,1,1,1
https://plataformaenlinea.click/,1,0,0,0,0,0,0,0,0,0,0,0,0,1,1
https://bt-communications-100106.weeblysite.com/,1,0,0,0,1,0,0,0,1,0,0,0,0,0,1
https://bt-internet-broadband-108993.weeblysite.com/,1,0,0,0,1,0,0,0,1,0,0,0,0,0,1
https://ere399.wixsite.com/my-site,1,0,0,0,0,0,0,0,0,0,0,0,0,1,1
http://mkheaxsgje.duckdns.org,0,0,0,0,0,0,0,0,0,0,0,1,1,1,1
http://mjqmqtadfk.duckdns.org,0,0,0,0,0,0,0,0,0,0,0,1,1,1,1
https://homeloginupdate-107144.weeblysite.com/,1,0,0,0,1,0,0,0,1,0,0,0,0,0,1
http://mjhdyuided.duckdns.org,0,0,0,0,0,0,0,0,0,0,0,1,1,1,1
https://bt-102673.weeblysite.com/,1,0,0,0,1,0,0,0,0,0,0,0,0,0,1
https://bt-104335-107967.square.site/,1,0,0,0,1,0,0,0,0,0,0,0,0,0,1
https://extensiondapp.pages.dev/Connect,1,0,0,0,0,0,0,0,0,0,0,0,0,1,1
https://savedportal.co.ke/cgi-sys/suspendedpage.cgi,1,0,0,0,0,0,0,0,0,0,0,0,0,1,1
https://mailformsr.com/walletconnect/b7a0c32a4c4f63ab14a3689a74231782/,0,0,0,0,0,0,0,0,0,0,0,0,1,0,1
https://wallet10-exodus-ssl60797.thaioi.com/17394/verify.php?cid=john@gmail.com,0,1,0,1,1,0,0,0,1,0,0,0,1,0,1
https://docs.google.com/presentation/d/e/2PACX-1vRRanPk1FWETu_eaFJnWE1zFfrrhJmASA5MdHphpldiizqj-OTZkJ5tSn1_hj5LuzCFy_B7JCq9N3e1/pub?start=false&amp;loop=false&amp;delayms=3000,1,1,0,0,0,0,0,0,0,0,0,0,0,0,0
https://miportal-evalucionesalinstate.com/cgi-sys/suspendedpage.cgi,1,0,0,0,1,0,0,0,1,0,0,0,0,1,1
https://sky-mail.wixsite.com/my-site,1,0,0,0,1,0,0,0,0,0,0,0,0,1,1
https://coinbase-com-logen.webflow.io/,1,0,0,0,1,0,0,0,0,0,0,0,0,0,0
https://sfhrtgdss23.pages.dev/,1,0,0,0,0,0,0,0,0,0,0,0,0,1,1
https://reviewid-3600630.copyright-violation.me/,0,0,0,0,1,0,0,0,1,0,0,0,1,1,1
https://appeal-submit-for-violation.vercel.app/,0,0,0,0,1,0,0,0,1,0,0,0,1,1,1
https://config.aler-customer-form-apeal.top/,0,0,0,0,1,0,0,0,1,0,0,0,1,1,1
https://metamaske.top/,0,0,0,0,0,0,0,0,0,0,0,0,1,1,1
https://super-moon-ba33.manks.workers.dev/,1,0,0,0,1,0,0,0,1,0,0,0,0,1,1
https://logingalicia.pages.dev/,1,0,0,0,0,0,0,0,0,0,0,0,0,1,1
https://dev-0231sz4.pantheonsite.io/,1,0,0,0,1,0,0,0,0,0,0,0,0,1,1
http://v284-454-104-78.novoacessoprimedigital.com/,0,0,0,0,1,0,0,0,1,0,0,1,1,1,1
https://hello-world-bitter-dust-b37d.president-post20020001.workers.dev/,1,0,0,0,1,0,0,0,1,0,0,0,0,1,1
https://kjgluyi.pages.dev/,1,0,0,0,0,0,0,0,0,0,0,0,0,1,1
https://cac.pages.dev/,1,0,0,0,0,0,0,0,0,0,0,0,0,1,1
https://uploadautenticationdomainnameserver02.pages.dev/,1,0,0,0,0,0,0,0,1,0,0,0,0,1,1
http://web-validacionuser-ficohn2024m.jimdofree.com/,1,0,0,0,1,0,0,0,1,0,0,1,0,0,1
https://us18.list-manage.com/survey?u=215aa1576e9be8c516dea5274&id=33baa5f883&attribution=false,1,1,0,0,1,0,0,0,0,0,0,0,0,0,0
https://us18.list-manage.com/survey?u=1bd4c87f975bb50c1c85f05fa&id=7c2fc9fdc2&attribution=false,1,1,0,0,1,0,0,0,0,0,0,0,0,0,0
https://tapk.it/tconiinecttv0iceph,1,0,0,0,0,0,0,0,0,0,0,0,0,0,1
https://us18.list-manage.com/survey?u=ca6173889bb9216064a1a2df6&id=2064595560&attribution=false,1,1,0,0,1,0,0,0,0,0,0,0,0,0,0
https://docs.google.com/presentation/d/e/2PACX-1vSIAlOR-rIWjNJQOXxxiDYHAYcHsNfQplqOBvGF9lWDJEISY9Wc85EdYt3lUPDq40Jv3FYtH7sXQR6x/pub?start=true&amp;loop=false&amp;delayms=3000&amp;slide=id.p,1,1,0,0,0,0,0,0,0,0,0,0,0,0,0
https://cloudflare-ipfs.com/ipfs/QmduA5G7AVCcXgCJjfhjQ9hhZUap3P9yBdhWtCa2E7aKmz/,1,1,0,0,1,0,0,0,0,0,0,0,0,0,0
https://cloudflare-ipfs.com/ipfs/QmduA5G7AVCcXgCJjfhjQ9hhZUap3P9yBdhWtCa2E7aKmz/,1,1,0,0,1,0,0,0,0,0,0,0,0,0,0
https://cloudflare-ipfs.com/ipfs/QmduA5G7AVCcXgCJjfhjQ9hhZUap3P9yBdhWtCa2E7aKmz/,1,1,0,0,1,0,0,0,0,0,0,0,0,0,0
https://servicehsoaitar.dynv6.net/index.html,0,0,0,0,0,0,0,0,0,0,0,0,1,1,1
https://docs.google.com/presentation/d/e/2PACX-1vTPjJA-9IHv-dTdS8pUv9DiWNsTVxMhOSGkx1ydHHgxfEHE794ps-M1cVkTaqiFtjZa95Mfxm9BhrQi/pub?start=false&amp;loop=false&amp;delayms=3000&amp;slide=id.p,1,1,0,0,0,0,0,0,0,0,0,0,0,0,0
https://docs.google.com/presentation/d/e/2PACX-1vRZa6bHydmro--L7LqIZ-cgqVr1lHyvveXYupK94IjlRjFRA9g-frbzU4IW5LsGsLJpyrn5wVG0vY3P/pub?start=false&amp;loop=false&amp;delayms=3000,1,1,0,0,0,0,0,0,0,0,0,0,0,0,0
https://6d11ca061785.godaddysites.com/,1,0,0,0,0,0,0,0,0,0,0,0,0,0,0
https://bt-mail-375fda.webflow.io/,1,0,0,0,1,0,0,0,0,0,0,0,0,0,0
http://emailmarketing.locaweb.com.br/accounts/188188/messages/47/clicks/209923/41?envelope_id=32,0,1,0,0,0,0,0,0,0,0,0,1,0,0,1
https://bafybeih6guk44jqg25fqwefb3ekemxbzkdfdbutqr65lzlrmm5smlbjkeu.ipfs.dweb.link/,0,1,0,0,0,0,0,0,1,0,0,0,1,0,1
https://langkhvriifksi-144.fp1.my.id/step2/form.php,1,0,0,0,1,0,0,0,0,0,0,0,0,0,1
https://cgd-netsecure.com/CGD/CGD/login.php,0,0,0,0,1,0,0,0,0,0,0,0,1,1,1
https://signin-member1sts.icu/Servicess/Service,0,0,0,0,1,0,0,0,0,0,0,0,1,1,1
https://signin-member1sts.icu/Service,0,0,0,0,1,0,0,0,0,0,0,0,1,1,1
https://signin-member1sts.icu/Services,0,0,0,0,1,0,0,0,0,0,0,0,1,1,1
https://www.beekai.com/404,1,0,0,0,0,0,0,0,0,0,0,0,0,0,1
https://ee.co.uk/,1,0,0,0,0,0,0,0,0,0,0,0,0,0,1
https://dkb-website.com/banking/,1,0,0,0,1,0,0,0,0,0,0,0,0,1,1
https://slidesgo.com/editor/share/9bb80460-984e-4e9c-8c2a-7088e51afc51,1,0,0,0,0,0,0,0,0,0,0,0,0,0,1
https://slidesgo.com/editor/share/9bba5af0-1062-41d7-9e4a-5793a8c3d715,1,0,0,0,0,0,0,0,0,0,0,0,0,0,1
https://ee.co.uk/,1,0,0,0,0,0,0,0,0,0,0,0,0,0,1
https://slidesgo.com/editor/share/9bbcea31-3119-4d1e-80be-aee12396dd14,1,0,0,0,0,0,0,0,0,0,0,0,0,0,1
https://docs.google.com/presentation/d/e/2PACX-1vSYau8B_4p3VayN9ErzmXt8kaXP5eqiWS8UNAaVx3U5bcNSA0N0AbHnVQ4aCKkW1L1kxVpzwDntemUQ/pub?start=false&amp;loop=false&amp;delayms=3000,1,1,0,0,0,0,0,0,0,0,0,0,0,0,0
https://docs.google.com/presentation/d/e/2PACX-1vRkSOm0E9yl9Nu86vpsFMUAaAWWSW8aYImZuSEC722B7tVZ3rGbvtV043ZXSD7mu_PJbqr9glbxhEk3/pub?start=false&amp;loop=false&amp;delayms=3000&amp;slide=id.p,1,1,0,0,0,0,0,0,0,0,0,0,0,0,0
https://docs.google.com/presentation/d/e/2PACX-1vQAaS8_TYFbIPfnlfwhgAJoM99WxcjXVTbokvDs33P7_GLK3eYtcNJnh7tdDMrfqtMUs5rA2rVDueg1/pub?start=false&amp;loop=false&amp;delayms=3000,1,1,0,0,0,0,0,0,0,0,0,0,0,0,0
https://ee.co.uk/,1,0,0,0,0,0,0,0,0,0,0,0,0,0,1
https://ee.co.uk/,1,0,0,0,0,0,0,0,0,0,0,0,0,0,1
https://tinyurl.com/app/nospam/tinyurl.com/24dkmzp2,1,0,0,0,0,0,0,0,0,0,0,0,0,0,0
https://alhalalasia.org/apt/,1,0,0,0,0,0,0,0,0,0,0,0,0,0,1
https://jnpost.39784515.xyz/captcha,0,0,0,0,0,0,0,0,0,0,0,0,1,1,1
https://docs.google.com/presentation/d/e/2PACX-1vQrAsBZwWGVGsyEQ-cPDleHXUB5Gmo_thw63p6Bs0ifcsz4VQamVOOnx1Vr6Ew1PfXZWSqcIamgidLm/pub?start=false&amp;loop=false&amp;delayms=3000,1,1,0,0,0,0,0,0,0,0,0,0,0,0,0
https://disputesarrowheadfcu.org/a/s/a/session_index,0,0,0,0,0,0,0,0,0,0,0,0,1,1,1
https://d35b3ab4.veryadversiting-sp994.pages.dev/meta-community-standard,1,0,0,0,1,0,0,0,1,0,0,0,0,1,1
https://070a067e.veryadversiting-sp6363.pages.dev/meta-community-standard,0,0,0,0,1,0,0,0,1,0,0,0,1,1,1
https://metas-bunisin-fbads.pages.dev/meta-community-standard,1,0,0,0,1,0,0,0,0,0,0,0,0,1,1
http://migbymheey.duckdns.org,0,0,0,0,0,0,0,0,0,0,0,1,1,1,1
http://mhxuqmhcbt.duckdns.org,0,0,0,0,0,0,0,0,0,0,0,1,1,1,1
http://mhdrnhbvws.duckdns.org,0,0,0,0,0,0,0,0,0,0,0,1,1,1,1
http://mhcztnautq.duckdns.org,0,0,0,0,0,0,0,0,0,0,0,1,1,1,1
http://mhcxrmhdto.duckdns.org,0,0,0,0,0,0,0,0,0,0,0,1,1,1,1
http://mhbwrlftxs.duckdns.org,0,0,0,0,0,0,0,0,0,0,0,1,1,1,1
http://mgbwqlyuuq.duckdns.org,0,0,0,0,0,0,0,0,0,0,0,1,1,1,1
http://oklvld.pl.ua/wp-content/themes/twentytwentyone/inc/ionos/app/index.php?email=redacted@abuse.ionos.com,1,1,0,1,0,0,0,0,0,0,0,1,0,0,1
https://aurumnatrium-fiblank.online/d5vFjn6c,0,0,0,0,1,0,0,0,0,0,0,0,1,1,1
https://support-protect-pro-115.pages.dev/meta-community-standard,1,0,0,0,1,0,0,0,1,0,0,0,0,1,1
https://request-meta.pages.dev/next,1,0,0,0,1,0,0,0,0,0,0,0,0,1,1
https://ib2-bradesco.atendimentoclientes.world/cliente/acesso/home.php?hash=126657963066290b883d1212.20177440,0,1,0,0,1,0,0,0,1,0,0,0,1,1,1
https://verilfy-renewaals.com/adsmaneger-setting/homes.html,0,0,0,0,1,0,0,0,0,0,0,0,1,1,1
https://verilfy-renewaals.com/update,0,0,0,0,1,0,0,0,0,0,0,0,1,1,1
https://everest.pws-dns.net/~jahante1/ass,1,0,0,0,1,0,0,0,0,0,0,0,0,0,1
https://pub-3daf412c63d04c798368f2a4366fe4bd.r2.dev/link.html,1,0,0,0,1,0,0,0,1,0,0,0,0,0,0
https://pub-3daf412c63d04c798368f2a4366fe4bd.r2.dev/link.html,1,0,0,0,1,0,0,0,1,0,0,0,0,0,0
http://bradeco.co/,0,0,0,0,0,0,0,0,0,0,0,1,1,1,1
https://extendedprop.00199374928393321.top,0,0,0,0,0,0,0,0,1,0,0,0,1,0,1
https://no.mahnoors.com/CH/,0,0,0,0,0,0,0,0,0,0,0,0,1,1,1
https://inteligencia-criativa.com/efe80ceda6434ef249d81b79b8687af1/,1,0,0,0,1,0,0,0,0,0,0,0,0,1,1
http://98.44.167.72.host.secureserver.net/imgs2,1,0,0,0,0,0,0,1,1,0,0,1,1,0,1
https://urgentpackage.com/ch/,0,0,0,0,0,0,0,0,0,0,0,0,1,1,1
http://jnpost.39784515.xyz/bqzcdeal,0,0,0,0,0,0,0,0,0,0,0,1,1,1,1
https://www.mediapart.fr/,1,0,0,0,0,0,0,0,0,0,0,0,0,0,0
https://allegrolokalnie.strona-119.pl/oferta/d6015207-e647-46d4-807c-1d996e224c9c,0,1,0,0,1,0,0,0,0,0,0,0,1,1,1
http://yooterp-plakeroit0012.free.nf/confirmid.php,0,0,0,0,1,0,0,0,0,0,0,1,1,1,1
http://fixedfloat.bar,0,0,0,0,0,0,0,0,0,0,0,1,1,1,1
http://idenpistaobcana.com/banks/mb/,0,0,0,0,0,0,0,0,0,0,0,1,1,1,1
https://idenpistaobcana.com,0,0,0,0,0,0,0,0,0,0,0,0,1,1,1
https://reuploud220187641.github.io/pblichelp2024/repository-name/shop/,1,0,0,0,0,0,0,0,0,0,0,0,0,1,1
https://unch3ckp0int2156484.com/,0,0,0,0,0,0,0,0,0,0,0,0,1,1,1
https://bloquear-caixadirecta.com/,0,0,0,0,1,0,0,0,0,0,0,0,1,1,1
https://renew-expirattion.com/adsmaneger-setting/homes.html,0,0,0,0,1,0,0,0,0,0,0,0,1,1,1
https://gestione-pagamenti-domini.qualitynews.info/aruba/AreaUtenti_Lang.php,0,1,0,0,1,0,0,0,1,0,0,0,1,0,1
https://67cf35a9.veryadversiting-sp775.pages.dev/meta-community-standard,1,0,0,0,1,0,0,0,1,0,0,0,0,1,1
https://communitystandard.my.id/page/,1,0,0,0,0,0,0,0,0,0,0,0,0,1,1
https://docs.google.com/presentation/d/e/2PACX-1vS27T8tvW68qAUT4m9nPuHQUHW64MdVdz-5jsMCSZAgWCZKYhyZ09Cemv8rpCh5hs4FMp5HiF7YR54d/pub?start=false&amp;loop=false&amp;delayms=3000,1,1,0,0,0,0,0,0,0,0,0,0,0,0,0
http://68.183.189.183/verify.html,0,0,0,0,0,0,0,0,0,0,0,1,1,1,1
http://68.183.189.183/,0,0,0,0,0,0,0,0,0,0,0,1,1,1,1
https://cv-fraude.nl/x.html,1,0,0,0,1,0,0,0,0,0,0,0,0,0,1
https://nlbpay.34-218-75-158.cprapid.com/dpdpos/update2.php,0,0,0,0,1,0,0,0,1,0,0,0,1,0,0
https://balsamicam.it/x.html,1,0,0,0,0,0,0,0,0,0,0,0,0,0,1
https://docs.google.com/presentation/d/e/2PACX-1vRCWqIZDRMGaT4dT-yEfcLtvl5fx355XOClMEYmL0652HbWHmLVaYcdVMIds9IZbNruSnQE3slGhnpc/pub?start=false&amp;loop=false&amp;delayms=3000,1,1,0,0,0,0,0,0,0,0,0,0,0,0,0
https://docs.google.com/presentation/d/e/2PACX-1vQuGJlN7LlGrTF1piNm7JgYFTe5TZSqSoNY5Zd6XJzTJM5O3T2MtibwMSwjE1CaQD8FYJD-0uJ_3ngl/pub?start=false&amp;loop=false&amp;delayms=3000&amp;slide=id.p,1,1,0,0,0,0,0,0,0,0,0,0,0,0,0
https://docs.google.com/presentation/d/e/2PACX-1vQpdhsxW9Jd2KY_jsw2_-UAvYLMeAJiTNBXYPVAIYECE8vqT7op-HbgFun_wDD6MgNtBnLfVignbi6M/pub?start=false&amp;loop=false&amp;delayms=3000,1,1,0,0,0,0,0,0,0,0,0,0,0,0,0
https://docs.google.com/drawings/d/1aInVm-ZQr7l204lYzpeCJEvoi97SJqc1Sxohl6_x1go/preview?trackingid=GVzeBvwu&amp;signature=newsletter,1,1,0,0,0,0,0,0,0,0,0,0,0,0,0
https://usirs-welcome.top/795FBm,0,0,0,0,1,0,0,0,0,0,0,0,1,1,1
https://s.free.fr/4VQY2sX8,0,0,0,0,0,0,0,0,0,0,0,0,0,0,0
https://s.free.fr/4K7YaWJM,0,0,0,0,0,0,0,0,0,0,0,0,0,0,0
https://ib-dkb-de-master-filippoalfonsocatalano88150054.codeanyapp.com/login/dkb/,0,1,0,0,1,0,0,0,1,0,0,0,0,0,1
https://w8yo5g.cn/,0,0,0,0,0,0,0,0,0,0,0,0,1,1,1
https://89n56l.cn/,0,0,0,0,0,0,0,0,0,0,0,0,1,0,1
https://61pk4f.cn/,0,0,0,0,0,0,0,0,0,0,0,0,1,0,1
https://viinted.49844253.xyz/gwm9eud6/kLd7sB/7,0,0,0,0,0,0,0,0,0,0,0,0,1,1,1
https://viinted.59844253.xyz/gwm9eud6/kLd7sB/7,0,0,0,0,0,0,0,0,0,0,0,0,1,1,1
https://ollx.69844253.xyz/gwm9eud6/kLd7sB/7,0,0,0,0,0,0,0,0,0,0,0,0,1,1,1
https://ollx.79844253.xyz/gwm9eud6/kLd7sB/7,0,0,0,0,0,0,0,0,0,0,0,0,1,1,1
https://ollx.89844253.xyz/gwm9eud6/kLd7sB/7,0,0,0,0,0,0,0,0,0,0,0,0,1,1,1
https://pub-431046b43b84431ea1b4a212cd34e302.r2.dev/glogin.html,1,0,0,0,1,0,0,0,1,0,0,0,0,0,0
https://bloquear-caixadirecta.com/login.php,0,0,0,0,1,0,0,0,0,0,0,0,1,1,1
https://ollx.99844253.xyz/gwm9eud6/kLd7sB/7,0,0,0,0,0,0,0,0,0,0,0,0,1,1,1
https://pub-12823fbd443740db82cdf220f279156a.r2.dev/949498939dhah9338kajk3jhh3i3.html,1,1,0,0,1,0,0,0,1,0,0,0,0,0,0
https://pub-7d9dc4799f334666ac0ef1d1e6f943e4.r2.dev/ma1l.html,1,0,0,0,1,0,0,0,1,0,0,0,0,0,0
https://pub-7d9dc4799f334666ac0ef1d1e6f943e4.r2.dev/domail.html,1,0,0,0,1,0,0,0,1,0,0,0,0,0,0
https://dp-d.795242156.xyz/gwm9eud6/kLd7sB/7,0,0,0,0,1,0,0,0,0,0,0,0,1,1,1
https://pub-acd48324dec3410daae82991271782a4.r2.dev/verify%20(1).html,1,0,0,0,1,0,0,0,1,0,0,0,0,0,0
https://dp-d.895242156.xyz/gwm9eud6/kLd7sB/7,0,0,0,0,1,0,0,0,0,0,0,0,1,1,1
https://ee.co-ac.xyz/uk?HUA=gDojPBVotN,1,0,0,0,1,0,0,0,0,0,0,0,0,1,1
https://pub-32a34688f6c44d71a2da48157ce50605.r2.dev/index.html,1,0,0,0,1,0,0,0,1,0,0,0,0,0,0
https://pub-8e198b7624e3470988cae8332a5efd95.r2.dev/mpako.html,1,0,0,0,1,0,0,0,1,0,0,0,0,0,0
https://dp-d.995242156.xyz/gwm9eud6/kLd7sB/7,0,0,0,0,1,0,0,0,0,0,0,0,1,1,1
https://pub-750ceb49b9f14fa995a60790c01a7294.r2.dev/slick.html,1,0,0,0,1,0,0,0,1,0,0,0,0,0,0
https://pub-b2c5788847cb4a5797fecf91a197c22e.r2.dev/load.htm,1,0,0,0,1,0,0,0,1,0,0,0,0,0,0
https://jnpost.09784515.xyz/gwm9eud6/kLd7sB/7,0,0,0,0,0,0,0,0,0,0,0,0,1,1,1
https://jnpost.19784515.xyz/gwm9eud6/kLd7sB/7,0,0,0,0,0,0,0,0,0,0,0,0,1,1,1
https://pub-537a4a4a7dc74e96808b043037f058fb.r2.dev/mso.html,1,0,0,0,1,0,0,0,1,0,0,0,0,0,0
https://pub-7cb1e765f5f244869c45aeb4ef0a0202.r2.dev/00waTeamMemberCenter.html,1,1,0,0,1,0,0,0,1,0,0,0,0,0,0
https://new.express.adobe.com/webpage/DFLQycn6PuI1r,1,0,0,0,0,0,0,0,0,0,0,0,0,0,0
https://jnpost.29784515.xyz/gwm9eud6/kLd7sB/7,0,0,0,0,0,0,0,0,0,0,0,0,1,1,1
https://pub-d4131edc0b43421f9d0d294816e02e1b.r2.dev/up_mailn247.html,1,0,0,0,1,0,0,0,1,0,0,0,0,0,0
https://pub-c7f7e6934eb244899aa8d88981d10c94.r2.dev/secondpage.html,1,0,0,0,1,0,0,0,1,0,0,0,0,0,0
https://pub-6b33a9f1c57c487fa3541dd8f09ccdc0.r2.dev/secondpage.html,1,0,0,0,1,0,0,0,1,0,0,0,0,0,0
https://jnpost.39784515.xyz/gwm9eud6/kLd7sB/7,0,0,0,0,0,0,0,0,0,0,0,0,1,1,1
https://pub-9a4ff9e9568b4b57ad339f9738ad0e53.r2.dev/index.html,1,0,0,0,1,0,0,0,1,0,0,0,0,0,0
https://pub-6b148704b8724ceb90b435620e098498.r2.dev/index.html,1,0,0,0,1,0,0,0,1,0,0,0,0,0,0
https://jnpost.49784515.xyz/gwm9eud6/kLd7sB/7,0,0,0,0,0,0,0,0,0,0,0,0,1,1,1
https://pub-64fd1e2750a4440ab4fe49fc5a421a35.r2.dev/index.html,1,0,0,0,1,0,0,0,1,0,0,0,0,0,0
https://jnpost.59784515.xyz/gwm9eud6/kLd7sB/7,0,0,0,0,0,0,0,0,0,0,0,0,1,1,1
https://pub-578040898e97448fab462cfa3f671292.r2.dev/gytdindex.html,1,0,0,0,1,0,0,0,1,0,0,0,0,0,0
https://pub-e12be75a367047019992793415c3937b.r2.dev/index.html,1,0,0,0,1,0,0,0,1,0,0,0,0,0,0
https://pub-dd223b9733bf41aa8018f1acb645c811.r2.dev/zusdindex.html,1,0,0,0,1,0,0,0,1,0,0,0,0,0,0
https://johnriley10540.wixsite.com/my-site,1,0,0,0,0,0,0,0,0,0,0,0,0,1,1
https://jnpost.79784515.xyz/gwm9eud6/kLd7sB/7,0,0,0,0,0,0,0,0,0,0,0,0,1,1,1
https://pub-dc33361244e44a62b5f0dce5a67f4ae7.r2.dev/hxard.html,1,0,0,0,1,0,0,0,1,0,0,0,0,0,0
https://jnpost.89784515.xyz/gwm9eud6/kLd7sB/7,0,0,0,0,0,0,0,0,0,0,0,0,1,1,1
https://pub-db3355950d6d4181b66cc4974cb42e80.r2.dev/index.html,1,0,0,0,1,0,0,0,1,0,0,0,0,0,0
https://pub-b31e8bb04af040fbba7f55a5ccc65713.r2.dev/index.html,1,0,0,0,1,0,0,0,1,0,0,0,0,0,0
https://pub-aaa8f0614faf444986da1bc4fdae09c2.r2.dev/index.html,1,0,0,0,1,0,0,0,1,0,0,0,0,0,0
https://0lx.89884514.xyz/gwm9eud6/kLd7sB/7,0,0,0,0,0,0,0,0,0,0,0,0,1,1,1
https://0lx.09884514.xyz/gwm9eud6/kLd7sB/7,0,0,0,0,0,0,0,0,0,0,0,0,1,1,1
https://pub-68b39aa0ff8d4d699b28c2bd705b161b.r2.dev/lkolindex.html,1,0,0,0,1,0,0,0,1,0,0,0,0,0,0
https://pub-6175dfb6882f4db4a1f397bec7eb8a6b.r2.dev/index.html,1,0,0,0,1,0,0,0,1,0,0,0,0,0,0
https://pub-503b0051cec34f218ca1489047bdfe35.r2.dev/hokys.html,1,0,0,0,1,0,0,0,1,0,0,0,0,0,0
https://pub-40a96797e17f436ca175f66ef2d05940.r2.dev/index.html,1,0,0,0,1,0,0,0,1,0,0,0,0,0,0
https://pub-25fa1faa5f684182864f4dc3e0d9bcc0.r2.dev/index.html,1,0,0,0,1,0,0,0,1,0,0,0,0,0,0
https://pub-24ea00b8f5434a72bc27750e18d88d59.r2.dev/hidedindex.html,1,0,0,0,1,0,0,0,1,0,0,0,0,0,0
https://0lx.29884514.xyz/gwm9eud6/kLd7sB/7,0,0,0,0,0,0,0,0,0,0,0,0,1,1,1
https://pub-1ae98389b74a4e93a372af10c78c00f4.r2.dev/index.html,1,0,0,0,1,0,0,0,1,0,0,0,0,0,0
https://pub-614b6a8544664ad7845f0c49488560a3.r2.dev/bins.htm,1,0,0,0,1,0,0,0,1,0,0,0,0,0,0
https://0lx.39884514.xyz/gwm9eud6/kLd7sB/7,0,0,0,0,0,0,0,0,0,0,0,0,1,1,1
https://pub-47165e9df5994479b4728baac451fc30.r2.dev/CHAMELEONdjhj.html,1,0,0,0,1,0,0,0,1,0,0,0,0,0,0
https://pub-f6088262b04e431c97abe43f15b8fa1c.r2.dev/index.html,1,0,0,0,1,0,0,0,1,0,0,0,0,0,0
http://resolve.rf.gd/?facebook-recovery%2Fi=0079431,0,0,0,0,0,0,0,0,0,0,0,1,1,0,1
https://pub-f4e78acef54045989d5cbf49195e33b5.r2.dev/index.html,1,0,0,0,1,0,0,0,1,0,0,0,0,0,0
https://0lx.49884514.xyz/gwm9eud6/kLd7sB/7,0,0,0,0,0,0,0,0,0,0,0,0,1,1,1
https://pub-db818bdc89034d7882181dd3adb30dce.r2.dev/zalaasa.html,1,0,0,0,1,0,0,0,1,0,0,0,0,0,0
https://pub-c87878f112884b78b95302c20a0c354f.r2.dev/index.html,1,0,0,0,1,0,0,0,1,0,0,0,0,0,0
https://pub-997b5b7c6e144178bca6355bb6f1190d.r2.dev/zalaasa.html,1,0,0,0,1,0,0,0,1,0,0,0,0,0,0
https://pub-6181362b94fe4678b6894856207139da.r2.dev/indexjs.html,1,0,0,0,1,0,0,0,1,0,0,0,0,0,0
https://pub-1f3598dc32934e5b84eb2d546d981a87.r2.dev/index.html,1,0,0,0,1,0,0,0,1,0,0,0,0,0,0
https://0lx.69884514.xyz/gwm9eud6/kLd7sB/7,0,0,0,0,0,0,0,0,0,0,0,0,1,1,1
https://pub-af7c9e328532452d809febf98aff0ccb.r2.dev/net/index.html,1,0,0,0,1,0,0,0,1,0,0,0,0,0,0
https://pub-9c21d54c90044410941c8bf1a7266c55.r2.dev/ll/index.html,1,0,0,0,1,0,0,0,1,0,0,0,0,0,0
https://pub-988636a8049146f9b0298f9e719a2b9f.r2.dev/ll/index.html,1,0,0,0,1,0,0,0,1,0,0,0,0,0,0
https://pub-789bcf87a76741cca66053b3d8031ed9.r2.dev/ll/index.html,1,0,0,0,1,0,0,0,1,0,0,0,0,0,0
https://pub-0d77dace02394dd9841502fc416ce4d1.r2.dev/ll/ll/index.html,1,0,0,0,1,0,0,0,1,0,0,0,0,0,0
https://0lx.79884514.xyz/gwm9eud6/kLd7sB/7,0,0,0,0,0,0,0,0,0,0,0,0,1,1,1
https://pub-0287087404fc4d8e9e3dd2c99ff50c53.r2.dev/ll/index.html,1,0,0,0,1,0,0,0,1,0,0,0,0,0,0
https://cloudflare-ipfs.com/ipfs/QmcHeSbxdcUxG5vApBF7ES5nDxN8gFZVuAaa92KvhM1fHb/#jgreter%40solnet.ch,1,1,0,0,1,0,0,0,0,0,0,0,0,0,0
https://cloudflare-ipfs.com/ipfs/QmcHeSbxdcUxG5vApBF7ES5nDxN8gFZVuAaa92KvhM1fHb/,1,1,0,0,1,0,0,0,0,0,0,0,0,0,0
https://twint24.com/de/receive/bank/639260372,0,0,0,0,0,0,0,0,0,0,0,0,1,1,1
https://pub-87d321be6c1549aeb20d421d5eabdc52.r2.dev/net/index.html,1,0,0,0,1,0,0,0,1,0,0,0,0,0,0
https://pub-3eff4de00b6d42beb0592c5909e636dc.r2.dev/eb.html,1,0,0,0,1,0,0,0,1,0,0,0,0,0,0
https://pub-08880279fdda494fac9f388fa6e4e248.r2.dev/lld/index.html,1,0,0,0,1,0,0,0,1,0,0,0,0,0,0
https://0lx.19884514.xyz/gwm9eud6/kLd7sB/7,0,0,0,0,0,0,0,0,0,0,0,0,1,1,1
https://pub-9c80f39409254114bbb4a78a7f635401.r2.dev/index.html,1,0,0,0,1,0,0,0,1,0,0,0,0,0,0
https://pub-4cca67b24f4e48d785252274946af023.r2.dev/index.html,1,0,0,0,1,0,0,0,1,0,0,0,0,0,0
https://allerolokalniee.095242156.xyz/gwm9eud6/kLd7sB/7,0,0,0,0,0,0,0,0,0,0,0,0,1,1,1
https://pub-f644c107c0aa4e55b7c24c5273160d6e.r2.dev/secure_response.html,1,0,0,0,1,0,0,0,1,0,0,0,0,0,0
https://pub-56536c4c85894b68af18f31f792de0b5.r2.dev/alt_type.html,1,0,0,0,1,0,0,0,1,0,0,0,0,0,0
https://www.dropbox.com/c/scl/fi/s76ix3f5cadu4gtszjqbs/Securely-sign-in-with-your-email-address-to-keep-you-updated..paper?rlkey=hbpueoddf8gupubgfnwa4bnt4&dl=0,1,1,0,0,0,0,0,0,0,0,0,0,0,0,0
https://www.dropbox.com/scl/fi/s76ix3f5cadu4gtszjqbs/Securely-sign-in-with-your-email-address-to-keep-you-updated..paper?rlkey=hbpueoddf8gupubgfnwa4bnt4&dl=0,1,1,0,0,0,0,0,0,0,0,0,0,0,0,0
https://dp-d.695242156.xyz/gwm9eud6/kLd7sB/7,0,0,0,0,1,0,0,0,0,0,0,0,1,1,1
https://pub-5266865c53c14863ba36a88562b3c61d.r2.dev/intro.phpuri%3D%252Fuser%252Fmail%252Fmain.php%253Fpage%253Dlist%2526mbox%253DSpam%2Findex.aspx,1,1,0,0,1,0,0,0,1,0,0,0,0,0,0
https://pub-fd27e08fdaa34ababbc916c6a3ae8d7d.r2.dev/find.html,1,0,0,0,1,0,0,0,1,0,0,0,0,0,0
https://pub-fbe7c68a19444ee3a90ea13518ee6c70.r2.dev/scra58575.html,1,0,0,0,1,0,0,0,1,0,0,0,0,0,0
https://pub-e4ba81f8fabb47c78f1397730d6718fb.r2.dev/index.html,1,0,0,0,1,0,0,0,1,0,0,0,0,0,0
https://pub-df5338459e10431eac0d7b46fa14e1a3.r2.dev/wd45.html,1,0,0,0,1,0,0,0,1,0,0,0,0,0,0
https://pub-de1cdd2c23474275ab0936ad0c7754c9.r2.dev/b3c2d5.html,1,0,0,0,1,0,0,0,1,0,0,0,0,0,0
https://pub-dd1d0e4c7af54865a69791d7f85c3994.r2.dev/owa.html,1,0,0,0,1,0,0,0,1,0,0,0,0,0,0
https://www.dropbox.com/c/scl/fi/qqxxfi0p9utjg0uqn5f60/BT-Broadband.paper?rlkey=f91hw03v4g3wk55mzglst3ax0&dl=0,1,1,0,0,0,0,0,0,0,0,0,0,0,0,0
https://pub-b303031f384d420da1f10ad28443418a.r2.dev/FMfcgzGxSlVHBxWfKtsfQhQsqLvDMQbW.html,1,1,0,0,1,0,0,0,1,0,0,0,0,0,0
https://www.dropbox.com/scl/fi/qqxxfi0p9utjg0uqn5f60/BT-Broadband.paper?rlkey=f91hw03v4g3wk55mzglst3ax0&dl=0,1,1,0,0,0,0,0,0,0,0,0,0,0,0,0
https://pub-a4257c07d94b402db55e15735e12844b.r2.dev/link.html,1,0,0,0,1,0,0,0,1,0,0,0,0,0,0
https://pub-9d55c37289ba44d9b816b8d1a7ecdfdc.r2.dev/USER230.html,1,0,0,0,1,0,0,0,1,0,0,0,0,0,0
https://pub-8e33799bec484a1ca548807006025928.r2.dev/xxeecurefilenmw.html,1,0,0,0,1,0,0,0,1,0,0,0,0,0,0
https://pub-8961c2ca10324fafb04ad839e8d2f531.r2.dev/cfsfftrt6hui789ujkkjlklppop;lkofdujhfuhyhuhdbnjfgvreuithuerhudhgbbuijknvkjndgiurhuhgtdjunbvjdnburihguhbujcfdbjvb%20urjhgbudbjuv.html,1,1,0,0,1,0,0,0,1,0,0,0,0,0,0
https://ricardo.info956.com/card/258111073,1,0,0,0,0,0,0,0,0,0,0,0,0,1,1
https://browser-session.com/?a=1112&c=1665&s2=w640o3st0167dvr0j11sbvcu,1,0,0,0,1,0,0,0,0,0,0,0,0,1,0
https://pub-63ba858a123347baafbb664fe5cec8ef.r2.dev/vE9102l.html,1,0,0,0,1,0,0,0,1,0,0,0,0,0,0
https://track.alfonsotechs.com/6aaf9411-cb0b-41ff-9512-1a25a4847c20?click_id=w4bn17o6ve3bhvr0j8l1b05m&camp-id=74019f54-9e5e-40e9-9680-3af114a5d86b,1,1,0,0,0,0,0,0,0,0,0,0,0,1,1
https://sbb05924ch.site,0,0,0,0,0,0,0,0,0,0,0,0,1,1,1
https://ricardo.info956.com/258111073,1,0,0,0,0,0,0,0,0,0,0,0,0,1,1
https://pub-5fedf01623da414c8567e2f824ff12c3.r2.dev/blob%20(1).html,1,0,0,0,1,0,0,0,1,0,0,0,0,0,0
https://www.openbookmarket.space/,0,0,0,0,0,0,0,0,0,0,0,0,1,1,1
https://cloudflare-ipfs.com/ipfs/bafkreia3vgjrm3wmy6nz6jrmnxbbien6lj5vhtjns6gz264nnqfoam5wmu,1,1,0,0,1,0,0,0,0,0,0,0,0,0,0
https://cetma.it/,1,0,0,0,0,0,0,0,0,0,0,0,0,0,1
https://178.226.205.92.host.secureserver.net/,1,0,0,0,0,0,0,1,1,0,0,0,0,0,1
https://pub-4985dd0361bf4e0b8a888d302529d923.r2.dev/nssrt.html#patrick.taen,1,0,0,0,1,0,0,0,1,0,0,0,0,0,0
https://pub-468721b333a2483283158745f2180c3f.r2.dev/Revised_Invoice.html,1,0,0,0,1,0,0,0,1,0,0,0,0,0,0
https://pub-3cc02593a55a418fa1a3b8d9c8d47f37.r2.dev/index.html,1,0,0,0,1,0,0,0,1,0,0,0,0,0,0
https://pub-3a6955e417df4f09bd348123a9f09d55.r2.dev/auth_gen.html,1,0,0,0,1,0,0,0,1,0,0,0,0,0,0
https://pub-36d9a4353f034df89923f669764a405d.r2.dev/index.html,1,0,0,0,1,0,0,0,1,0,0,0,0,0,0
https://pub-1882ac0ea3f844d99a3a062448768662.r2.dev/ures.html,1,0,0,0,1,0,0,0,1,0,0,0,0,0,0
https://pub-127f00274b8f445ca63c6f1d10fab446.r2.dev/ung85432.html,1,0,0,0,1,0,0,0,1,0,0,0,0,0,0
https://pub-079446b34c394711bf55307c5452221f.r2.dev/response_type.html,1,0,0,0,1,0,0,0,1,0,0,0,0,0,0
https://www.dropbox.com/scl/fi/p6ql4363wqkoumdmh8lt0/BTINTERNET-BILL.paper?rlkey=lnkyet5ycp12vmsudm46am7sj&dl=0,1,1,0,0,0,0,0,0,0,0,0,0,0,0,0
https://pub-06680f5ddca649c6a0e16aac06e7a48b.r2.dev/vE9102l.html,1,0,0,0,1,0,0,0,1,0,0,0,0,0,0
https://pub-02d879d6055b4f31b3db7cbbb1499011.r2.dev/%60%60~~~%5D%5D%5D%5D%5D.html,1,1,0,0,1,0,0,0,1,0,0,0,0,0,0
https://www.dropbox.com/c/scl/fi/yz9vqa18t9joonx0v51g0/BT-Broadband.paper?rlkey=y5h44pspk4frixqjvxs88wkw1&dl=0,1,1,0,0,0,0,0,0,0,0,0,0,0,0,0
https://www.dropbox.com/scl/fi/yz9vqa18t9joonx0v51g0/BT-Broadband.paper?rlkey=y5h44pspk4frixqjvxs88wkw1&dl=0,1,1,0,0,0,0,0,0,0,0,0,0,0,0,0
https://pub-f4e78acef54045989d5cbf49195e33b5.r2.dev/index.html,1,0,0,0,1,0,0,0,1,0,0,0,0,0,0
https://pub-051c93242dfd4c538b5004dff9099ab4.r2.dev/Truist_online_secure_alert_notificatioon.html,1,1,0,0,1,0,0,0,1,0,0,0,0,0,0
https://youluck.fun/login,0,0,0,0,0,0,0,0,0,0,0,0,1,0,1
https://fjlfxxkj.net/login?key=smbc,0,0,0,0,0,0,0,0,0,0,0,0,1,0,1
https://remove-violation-appeal-here.vercel.app/,1,0,0,0,1,0,0,0,1,0,0,0,0,1,1
http://bafybeih6f3cnq6rv7w3thp63266fwswwazpnihhzohixzbjw45i5xrxjaq.ipfs.dweb.link,0,1,0,0,0,0,0,0,1,0,0,1,1,0,1
https://bafybeih6f3cnq6rv7w3thp63266fwswwazpnihhzohixzbjw45i5xrxjaq.ipfs.dweb.link/,0,1,0,0,0,0,0,0,1,0,0,0,1,0,1
https://new.express.adobe.com/webpage/DfzUvBoFE7iRp,1,0,0,0,0,0,0,0,0,0,0,0,0,0,0
https://jewelryoka.com/image/MTTRBDFH/index.php?FGDD=1,1,0,0,0,0,0,0,0,0,0,0,0,0,0,1
http://validchains.pages.dev/payment,1,0,0,0,0,0,0,0,0,0,0,1,0,1,1
https://validchains.pages.dev/payment,1,0,0,0,0,0,0,0,0,0,0,0,0,1,1
https://marthaschullman.wixsite.com/my-site,1,0,0,0,0,0,0,0,0,0,0,0,0,1,1
https://we-transfers-downloads-dolphin.glitch.me/,1,0,0,0,1,0,0,0,1,0,0,0,0,1,1
https://bafybeig5njurdhvlia5w7wm5vnv2odfkcqebeqqsxjlhpaidchna6impoy.ipfs.dweb.link/shalipopi.html,0,1,0,0,0,0,0,0,1,0,0,0,1,0,1
https://sonai-nfxs.vercel.app/,1,0,0,0,1,0,0,0,0,0,0,0,0,1,1
https://vulkan-inox.shop/Webmail/0/Webmail/webmail.php,0,0,0,0,1,0,0,0,0,0,0,0,1,1,1
https://vulkan-inox.shop/Webmail/1/Webmail/webmail.php,0,0,0,0,1,0,0,0,0,0,0,0,1,1,1
https://vulkan-inox.shop/Webmail/2/Webmail/webmail.php,0,0,0,0,1,0,0,0,0,0,0,0,1,1,1
https://vulkan-inox.shop/Webmail/3/Webmail/webmail.php,0,0,0,0,1,0,0,0,0,0,0,0,1,1,1
https://vulkan-inox.shop/Webmail/4/Webmail/webmail.php,0,0,0,0,1,0,0,0,0,0,0,0,1,1,1
https://vulkan-inox.shop/Webmail/5/Webmail/webmail.php,0,0,0,0,1,0,0,0,0,0,0,0,1,1,1
https://vulkan-inox.shop/Webmail/6/Webmail/webmail.php,0,0,0,0,1,0,0,0,0,0,0,0,1,1,1
https://vulkan-inox.shop/Webmail/7/Webmail/webmail.php,0,0,0,0,1,0,0,0,0,0,0,0,1,1,1
https://vulkan-inox.shop/Webmail/8/Webmail/webmail.php,0,0,0,0,1,0,0,0,0,0,0,0,1,1,1
https://vulkan-inox.shop/Webmail/9/Webmail/webmail.php,0,0,0,0,1,0,0,0,0,0,0,0,1,1,1
https://vulkan-inox.shop/Webmail/10/Webmail/webmail.php,0,0,0,0,1,0,0,0,0,0,0,0,1,1,1
https://vulkan-inox.shop/Webmail/11/Webmail/webmail.php,0,0,0,0,1,0,0,0,0,0,0,0,1,1,1
https://vulkan-inox.shop/Webmail/12/Webmail/webmail.php,0,0,0,0,1,0,0,0,0,0,0,0,1,1,1
https://vulkan-inox.shop/Webmail/13/Webmail/webmail.php,0,0,0,0,1,0,0,0,0,0,0,0,1,1,1
https://vulkan-inox.shop/Webmail/14/Webmail/webmail.php,0,0,0,0,1,0,0,0,0,0,0,0,1,1,1
https://vulkan-inox.shop/Webmail/15/Webmail/webmail.php,0,0,0,0,1,0,0,0,0,0,0,0,1,1,1
https://vulkan-inox.shop/Webmail/16/Webmail/webmail.php,0,0,0,0,1,0,0,0,0,0,0,0,1,1,1
https://vulkan-inox.shop/Webmail/17/Webmail/webmail.php,0,0,0,0,1,0,0,0,0,0,0,0,1,1,1
https://vulkan-inox.shop/Webmail/18/Webmail/webmail.php,0,0,0,0,1,0,0,0,0,0,0,0,1,1,1
https://vulkan-inox.shop/Webmail/19/Webmail/webmail.php,0,0,0,0,1,0,0,0,0,0,0,0,1,1,1
https://vulkan-inox.shop/Webmail/20/Webmail/webmail.php,0,0,0,0,1,0,0,0,0,0,0,0,1,1,1
https://vulkan-inox.shop/Webmail/21/Webmail/webmail.php,0,0,0,0,1,0,0,0,0,0,0,0,1,1,1
https://vulkan-inox.shop/Webmail/22/Webmail/webmail.php,0,0,0,0,1,0,0,0,0,0,0,0,1,1,1
https://vulkan-inox.shop/Webmail/23/Webmail/webmail.php,0,0,0,0,1,0,0,0,0,0,0,0,1,1,1
https://vulkan-inox.shop/Webmail/24/Webmail/webmail.php,0,0,0,0,1,0,0,0,0,0,0,0,1,1,1
https://vulkan-inox.shop/Webmail/25/Webmail/webmail.php,0,0,0,0,1,0,0,0,0,0,0,0,1,1,1
https://vulkan-inox.shop/Webmail/26/Webmail/webmail.php,0,0,0,0,1,0,0,0,0,0,0,0,1,1,1
https://vulkan-inox.shop/Webmail/27/Webmail/webmail.php,0,0,0,0,1,0,0,0,0,0,0,0,1,1,1
https://vulkan-inox.shop/Webmail/28/Webmail/webmail.php,0,0,0,0,1,0,0,0,0,0,0,0,1,1,1
https://vulkan-inox.shop/Webmail/29/Webmail/webmail.php,0,0,0,0,1,0,0,0,0,0,0,0,1,1,1
https://vulkan-inox.shop/Webmail/30/Webmail/webmail.php,0,0,0,0,1,0,0,0,0,0,0,0,1,1,1
https://vulkan-inox.shop/Webmail/31/Webmail/webmail.php,0,0,0,0,1,0,0,0,0,0,0,0,1,1,1
https://vulkan-inox.shop/Webmail/32/Webmail/webmail.php,0,0,0,0,1,0,0,0,0,0,0,0,1,1,1
https://vulkan-inox.shop/Webmail/33/Webmail/webmail.php,0,0,0,0,1,0,0,0,0,0,0,0,1,1,1
https://vulkan-inox.shop/Webmail/34/Webmail/webmail.php,0,0,0,0,1,0,0,0,0,0,0,0,1,1,1
https://vulkan-inox.shop/Webmail/35/Webmail/webmail.php,0,0,0,0,1,0,0,0,0,0,0,0,1,1,1
https://vulkan-inox.shop/Webmail/36/Webmail/webmail.php,0,0,0,0,1,0,0,0,0,0,0,0,1,1,1
https://vulkan-inox.shop/Webmail/37/Webmail/webmail.php,0,0,0,0,1,0,0,0,0,0,0,0,1,1,1
https://vulkan-inox.shop/Webmail/38/Webmail/webmail.php,0,0,0,0,1,0,0,0,0,0,0,0,1,1,1
https://vulkan-inox.shop/Webmail/39/Webmail/webmail.php,0,0,0,0,1,0,0,0,0,0,0,0,1,1,1
https://vulkan-inox.shop/Webmail/40/Webmail/webmail.php,0,0,0,0,1,0,0,0,0,0,0,0,1,1,1
https://vulkan-inox.shop/Webmail/41/Webmail/webmail.php,0,0,0,0,1,0,0,0,0,0,0,0,1,1,1
https://vulkan-inox.shop/Webmail/42/Webmail/webmail.php,0,0,0,0,1,0,0,0,0,0,0,0,1,1,1
https://vulkan-inox.shop/Webmail/43/Webmail/webmail.php,0,0,0,0,1,0,0,0,0,0,0,0,1,1,1
https://vulkan-inox.shop/Webmail/44/Webmail/webmail.php,0,0,0,0,1,0,0,0,0,0,0,0,1,1,1
https://vulkan-inox.shop/Webmail/45/Webmail/webmail.php,0,0,0,0,1,0,0,0,0,0,0,0,1,1,1
https://vulkan-inox.shop/Webmail/46/Webmail/webmail.php,0,0,0,0,1,0,0,0,0,0,0,0,1,1,1
https://vulkan-inox.shop/Webmail/47/Webmail/webmail.php,0,0,0,0,1,0,0,0,0,0,0,0,1,1,1
https://vulkan-inox.shop/Webmail/48/Webmail/webmail.php,0,0,0,0,1,0,0,0,0,0,0,0,1,1,1
https://www.dropbox.com/c/scl/fi/1e87r7w9m55qchju2dz98/Securely-sign-in-with-your-email-address-to-keep-you-updated..papert?rlkey=h5e4zbci5abc53qic3xftz0xv&dl=0,1,1,0,0,0,0,0,0,0,0,0,0,0,0,0
https://www.dropbox.com/scl/fi/1e87r7w9m55qchju2dz98/Securely-sign-in-with-your-email-address-to-keep-you-updated..papert?rlkey=h5e4zbci5abc53qic3xftz0xv&dl=0,1,1,0,0,0,0,0,0,0,0,0,0,0,0,0
https://vulkan-inox.shop/Webmail/49/Webmail/webmail.php,0,0,0,0,1,0,0,0,0,0,0,0,1,1,1
https://vulkan-inox.shop/Webmail/50/Webmail/webmail.php,0,0,0,0,1,0,0,0,0,0,0,0,1,1,1
https://vulkan-inox.shop/Webmail/51/Webmail/webmail.php,0,0,0,0,1,0,0,0,0,0,0,0,1,1,1
https://vulkan-inox.shop/Webmail/52/Webmail/webmail.php,0,0,0,0,1,0,0,0,0,0,0,0,1,1,1
https://slidesgo.com/editor/share/9bc69352-fd67-42dd-ae37-701ebeba1366,1,0,0,0,0,0,0,0,0,0,0,0,0,0,1
https://vulkan-inox.shop/Webmail/53/Webmail/webmail.php,0,0,0,0,1,0,0,0,0,0,0,0,1,1,1
https://vulkan-inox.shop/Webmail/54/Webmail/webmail.php,0,0,0,0,1,0,0,0,0,0,0,0,1,1,1
https://vulkan-inox.shop/Webmail/55/Webmail/webmail.php,0,0,0,0,1,0,0,0,0,0,0,0,1,1,1
https://vulkan-inox.shop/Webmail/56/Webmail/webmail.php,0,0,0,0,1,0,0,0,0,0,0,0,1,1,1
https://vulkan-inox.shop/Webmail/57/Webmail/webmail.php,0,0,0,0,1,0,0,0,0,0,0,0,1,1,1
https://vulkan-inox.shop/Webmail/58/Webmail/webmail.php,0,0,0,0,1,0,0,0,0,0,0,0,1,1,1
https://vulkan-inox.shop/Webmail/59/Webmail/webmail.php,0,0,0,0,1,0,0,0,0,0,0,0,1,1,1
https://vulkan-inox.shop/Webmail/60/Webmail/webmail.php,0,0,0,0,1,0,0,0,0,0,0,0,1,1,1
https://vulkan-inox.shop/Webmail/61/Webmail/webmail.php,0,0,0,0,1,0,0,0,0,0,0,0,1,1,1
https://vulkan-inox.shop/Webmail/62/Webmail/webmail.php,0,0,0,0,1,0,0,0,0,0,0,0,1,1,1
https://vulkan-inox.shop/Webmail/63/Webmail/webmail.php,0,0,0,0,1,0,0,0,0,0,0,0,1,1,1
https://vulkan-inox.shop/Webmail/64/Webmail/webmail.php,0,0,0,0,1,0,0,0,0,0,0,0,1,1,1
https://vulkan-inox.shop/Webmail/65/Webmail/webmail.php,0,0,0,0,1,0,0,0,0,0,0,0,1,1,1
https://vulkan-inox.shop/Webmail/66/Webmail/webmail.php,0,0,0,0,1,0,0,0,0,0,0,0,1,1,1
https://vulkan-inox.shop/Webmail/67/Webmail/webmail.php,0,0,0,0,1,0,0,0,0,0,0,0,1,1,1
https://vulkan-inox.shop/Webmail/68/Webmail/webmail.php,0,0,0,0,1,0,0,0,0,0,0,0,1,1,1
https://vulkan-inox.shop/Webmail/69/Webmail/webmail.php,0,0,0,0,1,0,0,0,0,0,0,0,1,1,1
https://vulkan-inox.shop/Webmail/70/Webmail/webmail.php,0,0,0,0,1,0,0,0,0,0,0,0,1,1,1
https://cgd-particularespt.com/login.php,0,0,0,0,1,0,0,0,0,0,0,0,1,1,1
https://vulkan-inox.shop/Webmail/71/Webmail/webmail.php,0,0,0,0,1,0,0,0,0,0,0,0,1,1,1
https://vulkan-inox.shop/Webmail/72/Webmail/webmail.php,0,0,0,0,1,0,0,0,0,0,0,0,1,1,1
https://vulkan-inox.shop/Webmail/73/Webmail/webmail.php,0,0,0,0,1,0,0,0,0,0,0,0,1,1,1
https://vulkan-inox.shop/Webmail/74/Webmail/webmail.php,0,0,0,0,1,0,0,0,0,0,0,0,1,1,1
https://vulkan-inox.shop/Webmail/75/Webmail/webmail.php,0,0,0,0,1,0,0,0,0,0,0,0,1,1,1
https://vulkan-inox.shop/Webmail/76/Webmail/webmail.php,0,0,0,0,1,0,0,0,0,0,0,0,1,1,1
https://vulkan-inox.shop/Webmail/77/Webmail/webmail.php,0,0,0,0,1,0,0,0,0,0,0,0,1,1,1
https://vulkan-inox.shop/Webmail/78/Webmail/webmail.php,0,0,0,0,1,0,0,0,0,0,0,0,1,1,1
https://vulkan-inox.shop/Webmail/79/Webmail/webmail.php,0,0,0,0,1,0,0,0,0,0,0,0,1,1,1
https://www.dropbox.com/scl/fi/mdih7dloobwzdhsl57dag/Securely-sign-in-with-your-email-address-to-keep-you-updated..paper?rlkey=oyh2xa417s7qxvdpr1j86974k&dl=0,1,1,0,0,0,0,0,0,0,0,0,0,0,0,0
https://vulkan-inox.shop/Webmail/80/Webmail/webmail.php,0,0,0,0,1,0,0,0,0,0,0,0,1,1,1
https://skylighting.ir/css/cpwebmail/index.php,1,0,0,0,0,0,0,0,0,0,0,0,0,1,1
https://espace-skynet.hubside.fr/,1,0,0,0,1,0,0,0,0,0,0,0,0,0,1
https://genzxyt.s3.amazonaws.com/xyMnHySvFth.html,1,0,0,0,0,0,0,0,0,0,0,0,0,0,0
https://krystal-app.pages.dev/,1,0,0,0,1,0,0,0,0,0,0,0,0,1,1
https://web.herewallet-extension.app/assets/index.html,0,0,0,0,1,0,0,0,0,0,0,0,1,1,1
https://reset-api.syncrpctool.com/,0,0,0,0,1,0,0,0,0,0,0,0,1,1,1
https://pixelphotofcontest.pages.dev/,1,0,0,0,0,0,0,0,0,0,0,0,0,1,1
https://pixelphotofcontest.pages.dev/,1,0,0,0,0,0,0,0,0,0,0,0,0,1,1
https://5tghjhjyth5g4g44h.blogspot.com/?user-agent=mozilla/5.0,1,0,0,0,0,0,0,0,0,0,0,0,0,1,1
https://5tghjhjyth5g4g44h.blogspot.com/?user-agent=mozilla/5.0,1,0,0,0,0,0,0,0,0,0,0,0,0,1,1
https://rebrand.ly/lb6houh?rb.routing.mode=proxy&rb.routing.signature=109845,1,1,0,0,0,0,0,0,0,0,0,0,0,0,0
https://rebrand.ly/4ox0jr5?rb.routing.mode=proxy&rb.routing.signature=995594,1,1,0,0,0,0,0,0,0,0,0,0,0,0,0
https://2m.ma/ar/,1,0,0,0,0,0,0,0,0,0,0,0,0,0,0
https://www.arnazon-delivery.162-240-100-215.cprapid.com/,0,0,0,0,1,0,0,0,1,0,0,0,1,0,0
https://2m.ma/ar/,1,0,0,0,0,0,0,0,0,0,0,0,0,0,0
http://usarps.shop,0,0,0,0,0,0,0,0,0,0,0,1,1,1,1
http://usaps.shop,0,0,0,0,0,0,0,0,0,0,0,1,1,1,1
http://usap.shop,0,0,0,0,0,0,0,0,0,0,0,1,1,1,1
http://ueasp.shop,0,0,0,0,0,0,0,0,0,0,0,1,1,1,1
https://usps.wgowapueoo.top/,0,0,0,0,0,0,0,0,0,0,0,0,1,1,1
https://uspk.usspbd.top/,0,0,0,0,0,0,0,0,0,0,0,0,1,1,1
https://docs.google.com/presentation/d/e/2PACX-1vTIw6IzzUjoqjtkVRPYxEfZjnIP_ZS9Yazv3XWEX0N9hdCTG1IGRsGC_Mf1hJQGeSfgXZDZka824h3L/pub?start=false&amp;loop=false&amp;delayms=3000,1,1,0,0,0,0,0,0,0,0,0,0,0,0,0
https://docs.google.com/presentation/d/e/2PACX-1vST3K458gfN3qiBKEv3pJajewk5ppUWPhjRqT-ebeaMop2HJ8HqlSxzwbp2cspYtOrT6KOFonUoiYBv/pub?start=false&amp;loop=false&amp;delayms=3000,1,1,0,0,0,0,0,0,0,0,0,0,0,0,0
https://docs.google.com/presentation/d/e/2PACX-1vRuhkMHJC2NShvsCZcPmrXULpRYzxbWYu_UhmS-C9KZ_qgtXib0RTTnc48igx-tCyNmlLgFiK4sVyjR/pub?start=false&loop=false&delayms=3000,1,1,0,0,0,0,0,0,0,0,0,0,0,0,0
https://docs.google.com/presentation/d/e/2PACX-1vRCTl3KrdOjLc_166-IDBngIHaCXHbBmuAoddDxAyOSjDhAsxD0LE3NrKFdYgRzQA-0vrVDgrJEPNe6/pub?start=false&amp;loop=false&amp;delayms=3000,1,1,0,0,0,0,0,0,0,0,0,0,0,0,0
https://docs.google.com/presentation/d/e/2PACX-1vR2a5HVDrlKzfEONdeiKG9u6U7RwzX5WRqxkkcWxQe2WzWoPfLOa6RE0YerqvO2xJH9EYms-xzkHbfA/pub?start=false&loop=false&delayms=3000&slide=id.p,1,1,0,0,0,0,0,0,0,0,0,0,0,0,0
https://docs.google.com/presentation/d/e/2PACX-1vQTnhIPSFDEz5JOHbDzYE3Nxtmk2IpDGdGTwWpEq1DfITkl0Uek-1GPfnxMe9OppD0j1v-LWDR_mzA4/pub?start=false&amp;loop=false&amp;delayms=3000,1,1,0,0,0,0,0,0,0,0,0,0,0,0,0
https://docs.google.com/presentation/d/e/2PACX-1vQJckDCbt0JUhtmUJc4p684LTR0k6irNymqDDxKEuasA--qbMawmtuvVN78Q2YfV8ZO5onfsfJh1Oa-/pub?start=true&amp;loop=true&amp;delayms=1000,1,1,0,0,0,0,0,0,0,0,0,0,0,0,0
https://mainmultichain.pages.dev/,1,0,0,0,0,0,0,0,0,0,0,0,0,1,1
https://mainapprove.pages.dev/,1,0,0,0,0,0,0,0,0,0,0,0,0,1,1
https://wfh5las8j.hier-im-netz.de/ccDsJi/ccDsJi/KdBid/LdVY/KsVIdy/NsVCO/MsVinF/T_OnLieb.html,1,1,0,0,1,0,0,0,0,0,0,0,1,1,1
https://monarchmedical.co.uk/rmpostsec/stmpsen/rncp/ntbmynb.php,1,0,0,0,0,0,0,0,0,0,0,0,0,0,1
https://wilw9399.weebly.com/,1,0,0,0,0,0,0,0,0,0,0,0,0,0,1
https://att-mail-106152.weeblysite.com/,1,0,0,0,1,0,0,0,0,0,0,0,0,0,1
https://home-105044.weeblysite.com/,1,0,0,0,1,0,0,0,0,0,0,0,0,0,1
https://aatttservicce.s3.us-east-005.backblazeb2.com/myatt.html,1,0,0,0,1,0,0,0,1,0,0,0,0,0,1
https://web-telegram-co5.pages.dev/,1,0,0,0,1,0,0,0,0,0,0,0,0,1,1
https://telegrom-we.com/,1,0,0,0,1,0,0,0,0,0,0,0,0,1,1
https://lucah13.group-telegram.my.id/main.php,1,0,0,0,1,0,0,0,0,0,0,0,0,1,1
http://bebasindo.info-2024.com/,0,0,0,0,1,0,0,0,0,0,0,1,1,1,1
https://bebasindo.info-2024.com/,0,0,0,0,1,0,0,0,0,0,0,0,1,1,1
https://adminuser.telegram-l.xyz/,0,0,0,0,1,0,0,0,0,0,0,0,1,1,1
http://adminuser.telegram-l.xyz/,0,0,0,0,1,0,0,0,0,0,0,1,1,1,1
https://telegroscm.com/,1,0,0,0,0,0,0,0,0,0,0,0,0,1,1
https://telegromt.com/,1,0,0,0,0,0,0,0,0,0,0,0,0,1,1
https://telegromr.com/,1,0,0,0,0,0,0,0,0,0,0,0,0,1,1
https://telegromq.com/,1,0,0,0,0,0,0,0,0,0,0,0,0,1,1
https://telegromp.com/,1,0,0,0,0,0,0,0,0,0,0,0,0,1,1
https://telegromo.com/,1,0,0,0,0,0,0,0,0,0,0,0,0,1,1
https://telegroml.com/,1,0,0,0,0,0,0,0,0,0,0,0,0,1,1
https://telegromh.com/,1,0,0,0,0,0,0,0,0,0,0,0,0,1,1
https://telegrome.com/,1,0,0,0,0,0,0,0,0,0,0,0,0,1,1
https://telegromd.com/,1,0,0,0,0,0,0,0,0,0,0,0,0,1,1
https://telegrom1.com/,1,0,0,0,0,0,0,0,0,0,0,0,0,1,1
https://telegremo.com/,1,0,0,0,0,0,0,0,0,0,0,0,0,1,1
https://telegrcmo.com/,1,0,0,0,0,0,0,0,0,0,0,0,0,1,1
https://www.dropbox.com/c/scl/fi/4wgsvy5ae4ye9cpbkehkf/Securely-sign-in-with-your-email-address-to-keep-you-updated..paper?rlkey=n0pem87msl8of28iund5k7lco&dl=0,1,1,0,0,0,0,0,0,0,0,0,0,0,0,0
https://www.dropbox.com/scl/fi/4wgsvy5ae4ye9cpbkehkf/Securely-sign-in-with-your-email-address-to-keep-you-updated..paper?rlkey=n0pem87msl8of28iund5k7lco&dl=0,1,1,0,0,0,0,0,0,0,0,0,0,0,0,0
https://telegrcmc.com/,1,0,0,0,0,0,0,0,0,0,0,0,0,1,1
https://telegorms.com/,1,0,0,0,0,0,0,0,0,0,0,0,0,1,1
https://telegorme.com/,1,0,0,0,0,0,0,0,0,0,0,0,0,1,1
https://tnlengram.com/,0,0,0,0,0,0,0,0,0,0,0,0,1,0,1
http://tnlengram.com/,1,0,0,0,0,0,0,0,0,0,0,1,1,0,1
https://telegrambotfixs.pages.dev/,1,0,0,0,0,0,0,0,0,0,0,0,0,1,1
https://229.237.205.92.host.secureserver.net/login.swiss979221/,0,0,0,0,0,0,0,1,1,0,0,0,1,0,1
https://jemi.so/w07n4r2,1,0,0,0,0,0,0,0,0,0,0,0,0,1,1
https://grefhansbowh.wuaze.com/wp-includes/images/119928U/783992.htm,0,0,0,0,0,0,0,0,0,0,0,0,1,0,0
https://parti-culier.dynv6.net/,0,0,0,0,1,0,0,0,0,0,0,0,1,1,1
https://ct05221.tw1.ru/sg/,0,0,0,0,0,0,0,0,0,0,0,0,1,1,1
https://cl60162.tw1.ru/sg/,0,0,0,0,0,0,0,0,0,0,0,0,1,1,1
https://07.prayeroyal.com/wp-content/upgrade/sg.fr/cc.php/,1,0,0,0,0,0,0,0,0,0,0,0,0,0,1
https://docs.google.com/presentation/d/e/2PACX-1vTEhU7hvpMlKmeDNN4EdtP0KIGCLjYj9iVzXh_4KXBbAUxfjcQd8v9zG0gS2wJpxMR5cM7BrRiwh8rs/pub?start=false&loop=false&delayms=3000&slide=id.p,1,1,0,0,0,0,0,0,0,0,0,0,0,0,0
https://s.id/Hmrc-lncome,1,0,0,0,0,0,0,0,0,0,0,0,0,0,1
https://worldacrosscountries.chancellor-wfsch.workers.dev/,1,0,0,0,1,0,0,0,1,0,0,0,0,1,1
https://workingamazingreats.chancellor-wfsch.workers.dev/,1,0,0,0,1,0,0,0,1,0,0,0,0,1,1
https://sharepoint.d831920d2024835a5639fc57.workers.dev/,1,0,0,0,0,0,0,0,1,0,0,0,0,1,1
https://onedrive.emmn.workers.dev/,1,0,0,0,0,0,0,0,0,0,0,0,0,1,1
https://od.polatojegeq2.workers.dev/,1,0,0,0,0,0,0,0,0,0,0,0,0,1,1
https://eficorpnewsletter.com/s.php,0,0,0,0,0,0,0,0,0,0,0,0,1,1,1
https://eficorpnewsletter.com/,0,0,0,0,0,0,0,0,0,0,0,0,1,1,1
https://eficorpnewletter.com/s.php,0,0,0,0,0,0,0,0,0,0,0,0,1,1,1
https://eficorpnewletter.com/index.php,0,0,0,0,0,0,0,0,0,0,0,0,1,1,1
http://royal-dream-8c11.jaxeb70547173.workers.dev/,1,0,0,0,1,0,0,0,1,0,0,1,0,1,1
http://mail.eficorpnewsletter.com/s.php,0,0,0,0,0,0,0,0,0,0,0,1,1,1,1
https://motunabake.wixsite.com/my-site,1,0,0,0,0,0,0,0,0,0,0,0,0,1,1
http://mail.eficorpnewsletter.com/,0,0,0,0,0,0,0,0,0,0,0,1,1,1,1
http://93869806348a3b610936717972.wsfchchance.workers.dev/,1,0,0,0,0,0,0,0,1,0,0,1,0,1,1
https://cablepremier.com.ec/gov/,1,0,0,0,0,0,0,0,0,0,0,0,0,1,1
https://corndatagroup.com:2083/?uuid=dObPpCP,1,0,0,0,0,0,0,0,0,0,1,0,1,1,1
https://dropbox-6.pages.dev/,1,0,0,0,1,0,0,0,0,0,0,0,0,1,1
https://r3h6g78hd76kiu78jhweugt74yiweh83mailsonline6t54fg77t.pages.dev/,1,0,0,0,0,0,0,0,1,0,0,0,0,1,1
https://r3h6g78hd76kiu78jhweugt74yiweh83mailsonline6t54fg77t.pages.dev/,1,0,0,0,0,0,0,0,1,0,0,0,0,1,1
https://square-bird-50c1.bigmone.workers.dev/,1,0,0,0,1,0,0,0,1,0,0,0,0,1,1
https://zniiv.pages.dev/,1,0,0,0,0,0,0,0,0,0,0,0,0,1,1
https://zniiv.pages.dev/,1,0,0,0,0,0,0,0,0,0,0,0,0,1,1
https://policy-infractions-by-ad-account-opal.vercel.app/,1,0,0,0,1,0,0,0,1,0,0,0,0,1,1
https://appeal-meta-view-web32.vercel.app/index.html,1,0,0,0,1,0,0,0,1,0,0,0,0,1,1
https://login.45-88-90-136.cprapid.com/,0,0,0,0,1,0,0,0,0,0,0,0,1,0,0
http://accedi.45-88-90-136.cprapid.com/,0,0,0,0,1,0,0,0,1,0,0,1,1,0,0
https://missionoutdoors.org/moink.missionoutdoors.org/securedfile.htm,1,0,0,0,0,0,0,0,0,0,0,0,0,0,0
https://bt-104998.weeblysite.com/,1,0,0,0,1,0,0,0,0,0,0,0,0,0,1
https://intro-access-myapp-preview.000webhostapp.com/,1,0,0,0,1,0,0,0,1,0,0,0,0,0,0
https://smartwebtechnologies.in/content/content/app/,1,0,0,0,0,0,0,0,0,0,0,0,0,0,1
https://impots.gouv.agency/oauth2.html,1,0,0,0,0,0,0,0,0,0,0,0,0,1,1
https://lts.ygs.mybluehost.me/wp-content/upgrade/reschedule/evPostcode.php?sslchannel=true&sessionid=WmvFipa24dUuSuHQjUCOU2IQX2vJwDBxN5pz8jgZtglBtWtctJrnLf7WogUisCs7zUhPhq0nt74QjpIKAYaSMwwpmavoy1wfAdQASkoMH5sHKr9Qgl9rMbo0nZDBu5l6Re,0,1,0,0,0,0,0,0,0,0,0,0,1,0,1
https://docs.google.com/presentation/d/e/2PACX-1vShTPKGfaAbRdhUANbDFrqXv-XERcX5ci4dUDYZv3Bn_iYpeU9kZxx3DHUUU7RoEURPpCaB5ciSlHWZ/pub?start=false&loop=false&delayms=3000,1,1,0,0,0,0,0,0,0,0,0,0,0,0,0
https://lamparama.com/wpimages/null/votre/,0,0,0,0,0,0,0,0,0,0,0,0,1,0,1
https://excursionaustral.com/wpincludes/new/votre/,1,0,0,0,0,0,0,0,0,0,0,0,0,0,1
http://turtlepower.com.au/Dertonke/1b55416b5b1fadaedadc8ee9befc95c3/,0,0,0,0,0,0,0,0,0,0,0,1,1,1,1
http://turtlepower.com.au/Dertonke/,0,0,0,0,0,0,0,0,0,0,0,1,1,1,1
https://runsafetyx.us/,0,0,0,0,0,0,0,0,0,0,0,0,1,1,1
